ISO3,country,Region,IncomeGroup,city_name,COPD_YLDs,Diabetes_YLDs,IHD_YLDs,LRI_YLDs,Stroke_YLDs,LC_YLDs,pop,lat,lon,PTB,LBW,COPD_Deaths,COPD_YLLs,NCD.LRI_Deaths,NCD.LRI_YLLs,Absences,LRI.child_Deaths,LRI.child_YLLs,Asthma.Inci.1to18,Asthma.Prev.1to18,exac.0to17,exac.18to99
ARE,United Arab Emirates,Middle East & North Africa,High income,Dubai,342.2655423646636,631.3621025159478,45.397793202363715,3.5531428781797643,137.15511719567937,1.141524526366628,3190000,25.2048,55.2708,57.545034591674806,63.78159999999999,10.102062490961504,357.3552905781368,186.35690316495942,6222.454944014361,663369.7372876708,0.17442458117762735,15.144798110085372,293.0475985547817,1178.0997078254845,344.3062073247698,1115.504509880073
DZA,Algeria,Middle East & North Africa,Upper middle income,Algiers,262.4609038785052,519.9499108143052,69.1702957764443,2.711164117362777,169.03826513074193,1.54532512476168,1980000,36.7538,3.0588,333.06446195411684,149.076,9.182926374424644,152.83189031669696,329.07088077513515,6147.159900222097,269417.119938628,2.0040803601201604,174.7137360058012,601.274122611116,2175.4306259068567,852.1453793693229,1301.5418788746974
EGY,"Egypt, Arab Rep.",Middle East & North Africa,Lower middle income,Cairo,252.55743148190004,520.2741144956352,59.66339949689772,2.6403857202117433,155.61214548622618,1.0429998290784883,20900000,30.0444,31.2357,362.6094218730927,351.65000000000003,12.449791639474752,283.7051813029548,403.41822920164134,9868.834888967678,293575.4528673547,10.753029702683087,937.0149758087714,772.3155678551426,2980.6209102876164,713.3243755227263,836.6532475064994
ESP,Spain,Europe & Central Asia,High income,Barcelona,297.43260993654525,585.9615231806418,100.44001347062122,0.9836150834368027,261.73590739282645,16.56480111083964,1641548,41.3923,2.16488,52.129999999999995,57.744,68.00569651133594,664.2848494104409,937.1053874877445,11900.064198238584,452760.7443530277,0.06945188002287431,6.038847548745219,113.64928625121966,834.1053997724918,351.05163579446304,1256.2349171353019
ESP,Spain,Europe & Central Asia,High income,Madrid,297.43260993654525,585.9615231806418,100.44001347062122,0.9836150834368027,261.73590739282645,16.56480111083964,3198645,40.4165,-3.70256,60.568000000000005,61.471999999999994,60.47712313479548,590.7451683503843,796.536265557715,10582.66711096594,463709.0451806645,0.06945188002287431,6.038847548745219,156.8549652756588,1151.2045331138154,484.50979287969596,1733.8136543133214
GBR,United Kingdom,Europe & Central Asia,High income,London,489.66552787688715,525.1102611143781,96.99543705007515,1.927548966926088,232.06566240474092,19.622891673092,8900000,51.5074,0.1278,80.33936519622802,79.80000000000003,59.59292034220781,764.69535895597,867.1952005757277,12075.702184151216,466344.27249532717,0.18464656668768753,16.042389520516924,256.2567618200856,1877.3188402516062,538.7228483529935,1346.2892641546978
IND,India,South Asia,Lower middle income,New Delhi,528.3963021662927,370.32585976691627,53.12809573990569,4.548663750050845,100.72532651169728,1.3742279093691319,21800000,28.6139,77.209,246.13328433322903,506.324,69.29267189122494,1220.0362807866507,458.74808440865627,10255.034310121437,340100.43031947233,13.431396522165928,1172.7121537473577,138.33074200482466,507.9111906168025,622.0421190126527,859.3261080224713
KWT,Kuwait,Middle East & North Africa,High income,Kuwait City,217.42898237370386,510.24166179737074,61.111141509605815,3.427094563443602,129.01000263341516,0.8989373167615932,3110000,29.3759,47.9774,152.40294982910154,121.6033,2.0308030699572615,37.67564299094213,141.90136242225634,3334.8794582180603,533742.9106856378,0.5339859238901321,46.43212355331526,431.75623474896236,1682.9646360430563,796.902546541696,1305.2519921220166
LBN,Lebanon,Middle East & North Africa,Upper middle income,Beirut,271.54226353029844,582.1406216314458,62.3479489992983,2.565210589422269,134.5695393070523,3.8764313851136016,2200000,33.8938,35.5018,159.56017953872683,203.20500000000004,10.637567864280909,171.03649149122262,334.89237778621145,6428.887116894406,324927.9509767261,0.528935274053209,46.16108067799699,740.8829130319624,2986.511311247604,1298.7757171196688,2212.1960660979366
LBN,Lebanon,Middle East & North Africa,Upper middle income,Jounieh,271.54226353029844,582.1406216314458,62.3479489992983,2.565210589422269,134.5695393070523,3.8764313851136016,96299.99999999999,33.9843,35.6344,159.56017953872683,203.20500000000004,10.637567864280909,171.03649149122262,334.89237778621145,6428.887116894406,324927.9509767261,0.528935274053209,46.16108067799699,740.8829130319624,2986.511311247604,1298.7757171196688,2212.1960660979366
MAR,Morocco,Middle East & North Africa,Lower middle income,Casablanca,314.9222797160049,582.2014019681401,96.13939974483262,3.176184317166975,205.67994846549436,2.797972813152965,3360000,33.5731,7.5898,260.04658687305454,290.98499999999996,13.894075632552905,247.62318653468583,505.7547302271567,10080.63372397712,300271.47160988965,2.6819115485477325,234.18199062656495,414.6495269246678,1557.9139745117195,383.2741354030264,681.828313640029
MAR,Morocco,Middle East & North Africa,Lower middle income,El Jadida,314.9222797160049,582.2014019681401,96.13939974483262,3.176184317166975,205.67994846549436,2.797972813152965,787000,33.2316,8.5007,260.04658687305454,290.98499999999996,13.894075632552905,247.62318653468583,505.7547302271567,10080.63372397712,300271.47160988965,2.6819115485477325,234.18199062656495,414.6495269246678,1557.9139745117195,383.2741354030264,681.828313640029
MAR,Morocco,Middle East & North Africa,Lower middle income,Marrakech,314.9222797160049,582.2014019681401,96.13939974483262,3.176184317166975,205.67994846549436,2.797972813152965,1490000,31.6295,7.9811,260.04658687305454,290.98499999999996,13.894075632552905,247.62318653468583,505.7547302271567,10080.63372397712,300271.47160988965,2.6819115485477325,234.18199062656495,414.6495269246678,1557.9139745117195,383.2741354030264,681.828313640029
MAR,Morocco,Middle East & North Africa,Lower middle income,Mohammédia,314.9222797160049,582.2014019681401,96.13939974483262,3.176184317166975,205.67994846549436,2.797972813152965,405000,33.6835,7.3849,260.04658687305454,290.98499999999996,13.894075632552905,247.62318653468583,505.7547302271567,10080.63372397712,300271.47160988965,2.6819115485477325,234.18199062656495,414.6495269246678,1557.9139745117195,383.2741354030264,681.828313640029
MAR,Morocco,Middle East & North Africa,Lower middle income,Safi,314.9222797160049,582.2014019681401,96.13939974483262,3.176184317166975,205.67994846549436,2.797972813152965,309000,32.3008,9.2272,260.04658687305454,290.98499999999996,13.894075632552905,247.62318653468583,505.7547302271567,10080.63372397712,300271.47160988965,2.6819115485477325,234.18199062656495,414.6495269246678,1557.9139745117195,383.2741354030264,681.828313640029
QAT,Qatar,Middle East & North Africa,High income,Doha,202.04736993539595,551.9854484088766,43.18736760713432,2.9496535491038185,86.32511578400117,0.8733584497085739,345000,25.2854,51.531,43.487928835868836,73.7048,1.621982062908822,37.15751411717057,84.63035184768661,2288.948951331076,701354.0550774076,0.21596163261668835,18.80621282398182,254.7020947564429,895.2328847583199,842.9409446098693,1732.2068916545877
ROU,Romania,Europe & Central Asia,Upper middle income,Bucharest,485.81282286664356,661.4472131519058,198.86279275823762,2.2353904714950166,636.8992314149768,11.762428774316684,1830000,44.4325,26.103889,84.5465097427368,81.47999999999999,34.096051276271844,554.5489890292554,1270.1504244895636,21123.32593727625,417224.5832196755,2.1091070966178154,183.8214191084329,199.6010810682688,798.0501615759495,226.56788705555576,723.8264488948442
SAU,Saudi Arabia,Middle East & North Africa,High income,Jeddah,154.46936553448307,430.5958196347691,58.72097880030381,3.302478484449544,116.44486305980621,0.8996337301821202,4609999.999999999,21.4858,39.1925,72.48560842599998,161.20720000000003,4.705603777267894,96.18847915813613,183.0147844212177,4638.588829821426,396591.6387167515,0.13237088376197054,11.442209438857148,320.6640810511193,1180.1139429956265,981.0792748674813,1160.6672774559386
SAU,Saudi Arabia,Middle East & North Africa,High income,Riyadh,154.46936553448307,430.5958196347691,58.72097880030381,3.302478484449544,116.44486305980621,0.8996337301821202,7230000,24.7136,46.6753,72.48560842599998,161.20720000000003,4.705603777267894,96.18847915813613,183.0147844212177,4638.588829821426,396591.6387167515,0.13237088376197054,11.442209438857148,320.6640810511193,1180.1139429956265,981.0792748674813,1160.6672774559386
THA,Thailand,East Asia & Pacific,Upper middle income,Chiang Mai,274.42824624501145,602.7032136439287,86.0008467885659,6.3265992225804775,254.34648313616572,6.034715926709894,1740000,NA,NA,109.34873911857603,97.293,30.477249730938695,459.6901865697359,719.7850927465172,14455.910133192407,498005.44614267815,0.7174078036942012,62.3275137098942,314.54461418945885,1224.7268439144939,654.6489084544578,1651.113904424054
THA,Thailand,East Asia & Pacific,Upper middle income,Chonburi,274.42824624501145,602.7032136439287,86.0008467885659,6.3265992225804775,254.34648313616572,6.034715926709894,1540000,NA,NA,279.4044437408447,248.60000000000002,7.347616020404599,110.82453335130842,173.5295843753231,3485.107016606851,498005.44614267815,0.7174078036942012,62.3275137098942,314.54461418945885,1224.7268439144939,654.6489084544578,1651.113904424054
THA,Thailand,East Asia & Pacific,Upper middle income,Konkaen,274.42824624501145,602.7032136439287,86.0008467885659,6.3265992225804775,254.34648313616572,6.034715926709894,1810000,NA,NA,109.34873911857603,97.293,25.694042829644527,387.544789846964,606.8194854995222,12187.148689032907,498005.44614267815,0.7174078036942012,62.3275137098942,314.54461418945885,1224.7268439144939,654.6489084544578,1651.113904424054
THA,Thailand,East Asia & Pacific,Upper middle income,Lumpang,274.42824624501145,602.7032136439287,86.0008467885659,6.3265992225804775,254.34648313616572,6.034715926709894,749000,NA,NA,74.55018567085266,66.331,31.125270987676263,469.4643300715509,735.0894933896325,14763.278322070917,498005.44614267815,0.7174078036942012,62.3275137098942,314.54461418945885,1224.7268439144939,654.6489084544578,1651.113904424054
THA,Thailand,East Asia & Pacific,Upper middle income,Rayong,274.42824624501145,602.7032136439287,86.0008467885659,6.3265992225804775,254.34648313616572,6.034715926709894,723000,NA,NA,109.34873911857603,97.293,11.245868892966525,169.62211535441415,265.5951194940637,5334.118777829135,498005.44614267815,0.7174078036942012,62.3275137098942,314.54461418945885,1224.7268439144939,654.6489084544578,1651.113904424054
THA,Thailand,East Asia & Pacific,Upper middle income,Samut Sakorn,274.42824624501145,602.7032136439287,86.0008467885659,6.3265992225804775,254.34648313616572,6.034715926709894,558000,NA,NA,171.4527268409729,152.55,18.698788367590982,282.0349470247675,441.6116689738931,8869.173125128746,498005.44614267815,0.7174078036942012,62.3275137098942,314.54461418945885,1224.7268439144939,654.6489084544578,1651.113904424054
TUN,Tunisia,Middle East & North Africa,Lower middle income,Tunis,300.3537498810502,560.9187548260279,89.33741132290197,3.5633853520120895,222.8357855723219,4.116344691494509,693000.0000000001,36.8065,10.1815,241.42682765007024,124.26900000000003,15.962843521606876,235.91215831502052,502.8395810154251,8322.68964391982,326011.2146721823,0.6527966988619963,56.91822721174063,398.4479673448773,1479.1723512165363,523.7166775971311,1004.6412262968067
TUR,Turkey,Europe & Central Asia,Upper middle income,Istanbul,446.0798541394681,577.9618813476295,82.66284418358146,2.6093917056093363,209.391905269374,7.564866731064746,15100000,41.01384,28.94966,201.76571100616457,178.904,33.386790754718234,526.8633497990279,436.08714923967455,8067.218611331363,362530.69997395814,0.7976810636674212,69.29083399968438,396.23219186246916,1532.4717128461218,486.66720186994525,656.2532488869995
TWN,Taiwan,East Asia & Pacific,High income,Kaohsiung,954.982309479649,739.145834981025,85.37289586487586,1.9852144169923778,383.20764115096085,11.979888997117751,2770000,22.6272,120.3014,70.2525,71.05,35.29429488490852,388.371254810895,652.3836555880397,12035.512654478138,275783.02800000005,0.2178785836103569,18.91513407767401,328.0542176513698,1301.7352801678842,275.893858541153,770.2057827037731
TWN,Taiwan,East Asia & Pacific,High income,New Taipei,954.982309479649,739.145834981025,85.37289586487586,1.9852144169923778,383.20764115096085,11.979888997117751,4010000,25.0169,121.4627,68.36749999999999,69.60000000000001,27.303609250792167,300.4433725103445,402.02754217856926,9310.653059436727,283958.16005999997,0.2178785836103569,18.91513407767401,328.0542176513698,1301.7352801678842,275.893858541153,770.2057827037731
TWN,Taiwan,East Asia & Pacific,High income,Taichung,954.982309479649,739.145834981025,85.37289586487586,1.9852144169923778,383.20764115096085,11.979888997117751,2809999.9999999995,24.1477,120.6736,84.564,81,27.742952320881166,305.27781445002165,412.1016660199816,9460.471014348595,266457.2316,0.2178785836103569,18.91513407767401,328.0542176513698,1301.7352801678842,275.893858541153,770.2057827037731
TWN,Taiwan,East Asia & Pacific,High income,Tainan,954.982309479649,739.145834981025,85.37289586487586,1.9852144169923778,383.20764115096085,11.979888997117751,1880000,22.9997,120.227,68.328,63.728999999999985,36.66101926295344,403.4104123691583,730.0498614471765,12501.571789553165,319956.21018000005,0.2178785836103569,18.91513407767401,328.0542176513698,1301.7352801678842,275.893858541153,770.2057827037731
TWN,Taiwan,East Asia & Pacific,High income,Taipei,954.982309479649,739.145834981025,85.37289586487586,1.9852144169923778,383.20764115096085,11.979888997117751,2650000,25.0429,121.5501,74.98119999999997,78.568,30.666258130614363,337.4452780365379,502.1935946871864,10457.331390244573,275319.55066000007,0.2178785836103569,18.91513407767401,328.0542176513698,1301.7352801678842,275.893858541153,770.2057827037731
TWN,Taiwan,East Asia & Pacific,High income,Taoyuan,954.982309479649,739.145834981025,85.37289586487586,1.9852144169923778,383.20764115096085,11.979888997117751,2250000,24.9936,121.3009,99.6352,95.23200000000001,26.284302231654312,289.22712503037593,367.51237913942947,8963.064799984697,253690.58400000003,0.2178785836103569,18.91513407767401,328.0542176513698,1301.7352801678842,275.893858541153,770.2057827037731
TWN,Taiwan,East Asia & Pacific,High income,Yunlin,954.982309479649,739.145834981025,85.37289586487586,1.9852144169923778,383.20764115096085,11.979888997117751,681999.9999999999,23.7092,120.4313,56.5604,54.832,47.82789733808363,526.2884714011011,1229.1985233572263,16309.527234548092,300425.69200000004,0.2178785836103569,18.91513407767401,328.0542176513698,1301.7352801678842,275.893858541153,770.2057827037731
ZAF,South Africa,Sub-Saharan Africa,Upper middle income,Cape Town,557.6786800489423,638.8003210545526,56.62054921822805,4.492461262290529,120.24582900658368,2.8661856842428857,3740000,33.9249,18.4241,259.96730073928836,315.7108,23.251464196067722,412.12828338011616,410.43747276341446,8691.194858612353,367882.98620414705,7.468699733833832,650.4018018939275,225.34280650792311,781.2455634854446,1556.859282413233,1504.9189117715732
ZAF,South Africa,Sub-Saharan Africa,Upper middle income,Johannesburg,557.6786800489423,638.8003210545526,56.62054921822805,4.492461262290529,120.24582900658368,2.8661856842428857,4440000000,26.2041,28.0473,259.96730073928836,315.7108,23.251464196067722,412.12828338011616,410.43747276341446,8691.194858612353,367882.98620414705,7.468699733833832,650.4018018939275,225.34280650792311,781.2455634854446,1556.859282413233,1504.9189117715732
ZAF,South Africa,Sub-Saharan Africa,Upper middle income,Tshwane,557.6786800489423,638.8003210545526,56.62054921822805,4.492461262290529,120.24582900658368,2.8661856842428857,2920000000,25.6051,28.3929,259.96730073928836,315.7108,23.251464196067722,412.12828338011616,410.43747276341446,8691.194858612353,367882.98620414705,7.468699733833832,650.4018018939275,225.34280650792311,781.2455634854446,1556.859282413233,1504.9189117715732
AFG,Afghanistan,South Asia,Low income,National,165.53198676188958,306.5089784652995,35.19828401580759,1.5889100641820189,83.24645881010166,0.8481924770077326,32854766.5837302,NA,NA,345.46818420410153,NA,9.18902900473787,209.099982125388,289.2796261536593,7705.829730424795,346080.4701320165,51.7381379416243,4512.509520188859,927.8845148507764,3405.371447030907,1196.900598876065,757.0676826027837
AGO,Angola,Sub-Saharan Africa,Lower middle income,National,152.3062794273888,374.0179161953275,18.041991187454176,2.478280261213942,52.261299103750616,0.9236828056332745,28202298.6469432,NA,NA,493.9600834732056,495.372,7.87742007283727,170.05614961981948,204.5465068773203,5313.967793184221,374407.7586136126,28.49697179261001,2478.016128867708,1023.3584054102695,3760.748350000041,2703.4475435662366,1328.2404129161353
ALB,Albania,Europe & Central Asia,Upper middle income,National,347.96755969621813,454.4878037877602,142.73786412106608,1.412951550726153,346.8460975595286,7.8087756251452305,2766161.55214759,NA,NA,104.01835538864134,42.9624,18.98976967291534,260.415262635636,727.5293852258712,11760.672314301586,423725.171601642,2.3825688557117024,207.60889655017945,170.4471500880523,605.6111781553017,239.84679509586397,497.7137647405716
AND,Andorra,Europe & Central Asia,High income,National,349.819281449745,531.6927810610875,87.15211120507131,1.1992621019073466,220.76862335416277,12.55906959115492,79966.0015708302,NA,NA,NA,NA,35.72683449258828,442.653592119071,658.3046576262377,9534.500258032238,NA,0.05354111153810973,4.611156954431314,143.09483153730733,1096.3884318455337,232.48661224524184,784.2083769119602
ARE,United Arab Emirates,Middle East & North Africa,High income,National,342.2655423646636,631.3621025159478,45.397793202363715,3.5531428781797643,137.15511719567937,1.141524526366628,9734100.22445125,NA,NA,57.545034591674806,63.78159999999999,10.102062490961504,357.3552905781368,186.35690316495942,6222.454944014361,663369.7372876708,0.17442458117762735,15.144798110085372,293.0475985547817,1178.0997078254845,344.3062073247698,1115.504509880073
ARG,Argentina,Latin America & Caribbean,Upper middle income,National,234.83614301504824,514.4106632733628,46.15142468000287,2.8361695233472677,176.21611749150975,5.470848107430334,44265909.2005862,NA,NA,144.110129505,123.876,35.90502749622852,523.1772616245752,661.6463086615302,11064.281493272592,412027.04804317333,1.0769238737711313,93.7091590100663,316.28049845149445,1683.6782838567117,1133.2321713463348,1576.8152119888155
ARM,Armenia,Europe & Central Asia,Upper middle income,National,302.9012875115613,912.5692090512467,154.46721391939963,3.2201857391105677,303.0802916749937,8.672544593799957,3027231.43031573,NA,NA,148.73096557617185,114.38399999999999,38.4939454888742,524.0120364498284,875.1220244771526,15125.025699159663,416738.777577609,2.417420717352596,210.57176656968974,204.8125588910903,744.7379788950802,180.59086415569558,590.7601024786794
ASM,American Samoa,East Asia & Pacific,Upper middle income,National,305.4002484162985,1356.9906511138447,60.00689980472888,3.2779828476067974,204.48683321149628,3.9382345669889065,55630.7723374409,NA,NA,NA,NA,22.19202553211422,470.7911759342501,497.4106114491133,12250.801660691091,NA,2.3652819476419014,205.8361717661291,1138.0681398343575,4904.092601108584,1158.2110294851243,1198.724685961598
ATG,Antigua and Barbuda,Latin America & Caribbean,High income,National,135.54563864443514,823.1467061774697,73.44525363034089,2.72508035106389,114.00176086362593,2.0202152488326774,88957.3530462172,NA,NA,152.62685645103454,93.17999999999999,8.44669725715232,131.45079603620948,554.7008252394717,10373.553894633622,NA,1.8707400347904,162.36943071064172,769.2045942424738,3032.8471283518325,1076.326143048065,917.5215516765063
AUS,Australia,East Asia & Pacific,High income,National,322.94345474415513,411.18222878064466,80.85199100553646,1.2034143245609659,189.81611400064625,15.012586522261055,23943081.5491762,NA,NA,106.64000000000001,76.88000000000001,37.41879231948009,472.83830651880044,660.1809087872978,9169.858071465402,475422.84253447864,0.14376433685030093,12.500179960750089,367.7493464957919,2618.7772645771797,374.9235215008847,851.6741363519938
AUT,Austria,Europe & Central Asia,High income,National,394.3255404108908,589.7372372840564,122.04740437387177,0.9792427393827284,271.530703946528,16.316363882138898,8793125.43150511,NA,NA,79.33786999999998,69.00000000000001,34.99996686634492,460.7649109322041,868.2462831349942,11711.150616728499,478288.88607119006,0.04998552712001393,4.348832092803499,130.66662529404317,872.5421887046512,330.18972862565295,1151.139089149489
AZE,Azerbaijan,Europe & Central Asia,Upper middle income,National,209.22647948446618,691.6634748393124,96.58215668405657,2.565927175053173,221.19673138614476,4.311710139733359,10225020.571241,NA,NA,151.8724365234375,146,18.460306192066113,347.59276482047386,625.9675269054877,13195.086544192953,474348.6906204536,18.881163940939796,1646.9078357408298,243.89920075626029,884.1898834764612,219.29111187380815,548.569346234501
BDI,Burundi,Sub-Saharan Africa,Low income,National,120.95515094671316,222.48068185435517,36.29383594652848,3.7170203560988946,47.525315207537,0.5664325023710315,10905413.3710702,NA,NA,474.39600468444826,511.43340000000006,10.025214815714925,220.74807002136612,220.2025496489317,5697.378483300113,392468.6666282197,37.232915986232186,3237.7645143528234,795.276163823664,2881.136314884743,1136.7392118198507,604.180791301211
BEL,Belgium,Europe & Central Asia,High income,National,486.39197910404056,723.7070793700385,112.82343988245445,1.4802538646470291,255.71586473054123,16.824350596977226,11319410.8380034,NA,NA,105.71018314361572,73.50000000000001,53.965596679915464,666.5189524379234,880.6559958800673,11829.034481182296,411042.94021509134,0.09328788255133098,8.093473127076832,138.88806200891491,888.5895466821097,286.9556487069724,952.3441682854802
BEN,Benin,Sub-Saharan Africa,Low income,National,169.61645181213433,248.8925581823983,24.63664383563175,2.4475667564382264,56.81951909731288,0.7769464176273666,11585300.8275959,NA,NA,340.71671631431576,549.3149999999999,9.849528275831716,203.57922531806915,219.99706180360323,5081.777087730949,368386.91429399734,34.660717199046346,3012.1143111229894,612.0873386934328,2187.4085748871094,879.6864191669725,630.2028413978672
BFA,Burkina Faso,Sub-Saharan Africa,Low income,National,174.39104398188505,212.0197528566798,29.803312414805912,2.658804304484397,53.355348150550945,0.6892962543550251,21121966.138689,NA,NA,459.71397124481194,541.7078999999999,6.526043240835188,141.03538830026673,245.0925836903124,5920.124528044756,335581.06753270683,56.77817382263821,4933.070146491709,723.0544797406783,2597.1926831961546,835.2160960852183,456.3438832687319
BGD,Bangladesh,South Asia,Lower middle income,National,328.5340087412448,332.1862795319812,65.69785910267852,2.5917690904754567,143.08502126710732,3.4342005271620386,156981002.091688,NA,NA,354.2850033874512,407.02200000000005,40.9730687839436,754.7038150967907,403.8768888057057,8609.098146005366,385700.1232799923,12.535107162627888,1094.007057251735,161.0763589517108,597.8410065059029,991.806320035231,1256.6477495460276
BGR,Bulgaria,Europe & Central Asia,Upper middle income,National,586.4021292858382,730.4241160448241,230.7642989136754,1.7040096680220798,693.0429914218643,12.318841759570946,7052339.34946623,NA,NA,81.13420486450195,79.2,44.53150822711652,689.3555852786386,1462.182836767626,24261.935232779935,434240.67954467185,0.872767004975607,76.05838287710623,144.76512223256404,534.7134496743147,162.10309421462054,639.9498530004212
BHR,Bahrain,Middle East & North Africa,High income,National,284.27966216356293,743.2504057641981,71.48464271093145,3.121486435636295,130.54152233405804,1.4099708757945277,1470372.70796636,NA,NA,148.64308196544647,142.2135,5.198885892382236,90.8855014792151,188.20546908035087,4542.167421834202,550561.2384470644,0.25023838282939326,21.72767315295078,377.29488691570043,1402.251470437502,932.464002202745,1664.9412538307317
BHS,"Bahamas, The",Latin America & Caribbean,High income,National,136.98365839260833,707.3106212945883,70.18713781446274,2.299204949535627,103.92291042103437,3.072642703213643,375440.527859965,NA,NA,138.07177760982515,162.9684,8.45161965800884,153.99004377628543,531.5033956159947,11917.874254083412,542304.4490502502,1.9312906159819982,168.23844408179295,832.6813009393716,3385.815400590244,979.2337846305368,1099.459017791395
BIH,Bosnia and Herzegovina,Europe & Central Asia,Upper middle income,National,500.53505437146754,1003.4085231121431,192.0969229775461,1.4278968243440275,534.5487933625235,13.711145173352335,3399239.46075152,NA,NA,55.778072039127345,37.31849999999999,34.77166065256301,528.8809610603456,1039.1034658732358,17582.292896383256,371685.9083194992,0.18056473506208248,15.758056317249954,189.26337215877248,754.074635874078,179.03940249783057,581.5107917001478
BLR,Belarus,Europe & Central Asia,Upper middle income,National,350.36320213999653,567.6474741990601,176.6698049794193,4.901817027187631,554.0182353393109,8.824733277894088,9491039.62812792,NA,NA,46.22863197326661,55.07999999999999,19.52055005749623,315.1600989118044,1168.6761521682915,20554.50147003333,496727.2641425161,0.27908852837374226,24.296337297294002,213.73264900603147,819.6075683232998,213.86566166939227,869.7006601402369
BLZ,Belize,Latin America & Caribbean,Upper middle income,National,109.29136942241492,552.2799704066822,53.49776101226528,1.729292131398704,63.590067502084736,1.8418466045451816,394958.436171146,NA,NA,207.18137545681003,233.9991,11.019847045089536,206.72427182334917,317.29700235324776,7132.974974461441,426298.260734678,4.473176312348089,390.02998721431993,1189.695572559155,4703.595133850993,2492.336881173609,1385.1290285212208
BMU,Bermuda,North America,High income,National,296.71959324259393,800.6559081227374,147.36912780579425,2.826794672765264,175.42849815769836,9.334141373609379,65886.0750038621,NA,NA,NA,NA,15.467225552155737,210.2195129693109,744.3848024522036,11450.170286232644,NA,0.29550982192948955,25.600966451412134,610.7118094498932,2508.037523452622,1378.9472281460744,1152.7436563120202
BOL,Bolivia,Latin America & Caribbean,Lower middle income,National,119.84423551580107,456.6059784006736,44.639305226900916,2.4497356455395995,66.08031905922816,1.8801250254856374,11542994.7104482,NA,NA,216.96010837173466,132.456,18.737326028727907,285.4517419059708,413.5797238274072,8161.774752778734,403857.0166210724,10.8015402315775,940.302691199437,1236.6661670665987,4527.465122579164,1829.1979273704574,798.5077348824419
BRA,Brazil,Latin America & Caribbean,Upper middle income,National,216.796691851278,373.0961381575962,81.80131190308371,1.561918626679144,116.23508436166159,3.3802575939800517,211812707.286102,NA,NA,157.87526624999998,120.06250000000001,30.577863345897725,499.4905357291588,504.75762577848974,9991.60726774463,461184.41480739,2.119584113221761,184.61228819786047,677.1042868040921,2599.0748703598765,1784.880255032774,1717.2394879439144
BRB,Barbados,Latin America & Caribbean,High income,National,176.50023885982537,1084.468714440058,115.89426866744573,4.202938246865853,175.09912457583243,3.0285983118706454,295883.821639122,NA,NA,104.99115952777862,122.85449999999999,13.667726371709879,186.8496844006932,855.0055880977311,14129.878810879238,486801.46166356176,1.0331054388330658,90.1954932449297,591.8073853540067,2329.688450856679,824.388845083608,1079.8839295434896
BRN,Brunei Darussalam,East Asia & Pacific,High income,National,145.03466757337188,613.6468617493658,27.57451329510982,0.8119924973922676,179.42383521103966,4.920591440349223,432450.733521696,NA,NA,159.94456054687498,182.9744,16.29767918381163,254.9872958308014,355.70947479951025,8405.233111559384,467799.03448773705,1.1465995804607494,99.84635501453431,256.5977927641389,1268.8103060795754,331.63930566625976,474.87990210495735
BTN,Bhutan,South Asia,Lower middle income,National,255.15839001595992,311.9806449221249,46.37337816296404,3.2625045969377937,80.05920881593526,1.0357850758093339,957410.249150419,NA,NA,181.61238830566407,172.8441,36.750363736420006,618.2488923595417,298.84062283059876,6333.877880655653,446102.8474635844,6.17482830212268,539.1990139482215,178.0943483893196,667.9577887269164,928.989729104375,1053.0507803678224
BWA,Botswana,Sub-Saharan Africa,Upper middle income,National,449.82843203807204,563.1520109197444,45.722218126217825,2.984670498891516,89.88911727142742,1.5120682758098971,2281842.99145463,NA,NA,303.88339138793947,330.148,16.0394512728409,277.4265753951047,306.3339354323486,6434.858675601629,434400.8228845716,4.9368239091621655,428.8592158893715,390.4459881483982,1481.047579094223,1699.613507381457,1532.7134921629595
CAF,Central African Republic,Sub-Saharan Africa,Low income,National,207.91003553570016,444.3870568018088,24.20458452840753,3.716391943916456,61.577698037890094,1.136283103374577,4622514.9638324,NA,NA,426.700336151123,488.54199999999986,15.134706597168677,354.05709920181556,356.22577789623836,9948.686034603144,361957.24772190483,66.94842537462398,5825.718143217099,757.097573454581,2898.3767507227844,1736.240263751582,1351.9523893155292
CAN,Canada,North America,High income,National,311.56498270731163,593.2532702894327,85.59276128525967,3.4532305094314717,307.51900371715584,17.623655117090035,35982917.5519005,NA,NA,83.96133146286012,62.830000000000005,37.710661496027974,473.1147020375355,712.3358496807784,10436.25555098425,494279.8405647887,0.1292532126410957,11.239215162688113,327.5587776646942,1509.9958511607754,422.00504386832245,1091.9047779638656
CHE,Switzerland,Europe & Central Asia,High income,National,359.10265703274086,651.0936388817083,100.603251908729,0.8783432955201076,210.3354891814138,11.893776826337147,8593087.23582921,NA,NA,74.08312444686891,69.01,27.983982433545336,322.18425039068757,693.3417905004917,8741.373786979831,524976.6317343098,0.062163927200588207,5.402456285779655,149.28773307597046,1017.7436911038267,209.9543482437257,700.3422698779654
CHL,Chile,Latin America & Caribbean,High income,National,218.76658329132528,558.5994430376236,55.17881130282667,2.2889316702303377,194.50507766113213,4.360603712488968,17918234.9028369,NA,NA,100.77765089100001,74.9949,23.464263871425867,288.918376416707,552.9791293549824,9161.273890524768,445829.5650449381,0.3543384807289947,30.882455539251197,266.4885216092908,1464.0431918830718,1064.8635539976701,2026.349252417237
CHN,China,East Asia & Pacific,Upper middle income,National,469.71244701986296,454.75835592981286,73.53354230177771,0.6877141168493913,488.8276121942258,14.402088968223527,1412480390.20934,NA,NA,86.29136454582213,29.583399999999997,68.31750627604953,947.4753727198547,664.3956135400422,12102.63925122809,508915.5584700821,1.499016449913398,130.81554149184032,212.26133725294775,804.9681093905225,217.28776564077677,488.7889232201495
CIV,Côte d'Ivoire,Sub-Saharan Africa,Lower middle income,National,167.9621853120309,243.10951347028637,29.655477349095822,2.7260328888495873,65.98943009714111,0.5678264876225769,24965279.186628,NA,NA,430.6849466934204,611.8810000000001,7.70411166154238,174.06847916340945,235.03573136549167,6048.103651466363,301969.00088383444,34.63236873722678,3012.820454134854,619.8200339585321,2243.1528413339533,1352.6719147642432,983.1132596805162
CMR,Cameroon,Sub-Saharan Africa,Lower middle income,National,177.96666013341962,204.90324195523513,26.76751920265644,2.6965176847497694,56.30866464242236,0.9259848012000007,27769738.26238,NA,NA,429.572127532959,394.90000000000003,10.602528920591533,226.5833346740598,241.73589770911477,5929.664029536852,395665.9269861208,23.25356739792349,2020.9908308268568,567.9876418424043,2060.3436471686205,1212.9453321362773,816.6005774249774
COD,"Congo, Dem. Rep.",Sub-Saharan Africa,Low income,National,182.89026436121054,379.1642432520256,25.185093505605604,3.256426702711393,53.37286806198004,0.7819240735937177,80884670.6650421,NA,NA,410.332376625061,396.454,12.618187535045996,258.31737628055237,248.92812711045414,6175.811112634503,305052.973833467,43.73566549553199,3802.471294661841,760.8275755048222,2684.0538809899476,1671.4967111615135,1091.730613155165
COG,"Congo, Rep.",Sub-Saharan Africa,Lower middle income,National,192.29988952481997,509.47254210623043,27.70220356111185,3.3778305657101253,75.37290637412957,1.3418710579140967,4913072.3787746,NA,NA,399.394386428833,433.914,13.594985526141704,281.40116179993134,333.9046390504606,8430.892223131525,367284.1965800419,11.75796771898983,1021.3042377808421,854.7482838550017,3378.0357653736514,1223.6644906703937,799.2310019620304
COL,Colombia,Latin America & Caribbean,Upper middle income,National,228.10245701332306,344.7129007798894,74.20075756884869,1.5378041586959967,80.76849273225723,2.4230790197530374,50606157.0714899,NA,NA,219.6618642692566,143.43100000000004,27.203274696947705,350.26872787971683,357.6911990066842,6178.238772398907,481134.46152031666,2.293032489946817,199.68687579285486,539.3582826595848,1941.4193939071115,2122.568324013574,1328.4090749082602
COM,Comoros,Sub-Saharan Africa,Lower middle income,National,159.75641667974756,381.20311935758656,53.97619081349835,4.497991565309848,79.22023343850424,1.089663968120673,718321.726924899,NA,NA,387.2730336380005,809.1250000000001,13.108705313897415,252.49217756048284,357.8451947535795,8091.508818921588,242778.97877161932,13.924815302316713,1214.047722885372,697.3346231958964,2740.211202977844,1383.472491155624,872.0409414338808
CPV,Cabo Verde,Sub-Saharan Africa,Lower middle income,National,146.5139063766385,389.8373401096609,56.03404492640203,3.8834646848303165,115.05467184371473,1.9082028590887237,545805.876217364,NA,NA,238.34671889495849,119.51400000000001,11.437102181706894,176.23620659411498,394.7696360736472,7174.4150404570855,459157.8458866148,3.5343509357578435,307.6741029448589,400.4240590459716,1529.9665014717436,869.7770117281436,1030.933239304137
CRI,Costa Rica,Latin America & Caribbean,Upper middle income,National,228.07055380670323,400.5018401626926,76.95815275292894,1.7346095647667998,86.14948143246244,2.21524280982951,4653733.77309046,NA,NA,140.00786844825745,103.99579999999999,24.121578850549493,286.89798761352915,422.879477353127,7584.104704982936,434143.2517693386,0.5721922510697963,49.85332140793876,643.8798859072066,2466.724964951462,1569.4543641996224,1455.288003185986
CUB,Cuba,Latin America & Caribbean,Upper middle income,National,264.5862785487337,679.625640685862,120.117387263135,3.380875834398052,148.20022970176151,11.417142584162809,11376668.9345331,NA,NA,62.316,54.0072,34.78196223174636,552.2059138681847,805.011427314264,13617.445647695326,414421.82391148404,0.5201184818576573,45.253912375470236,645.8725332075911,2500.1481394401953,1285.4391372513091,2156.020601561668
CYP,Cyprus,Europe & Central Asia,High income,National,308.51013769856417,594.293820232204,91.19260822446167,0.710650446950605,176.94864223206773,9.906721245902443,1262632.14825019,NA,NA,199.48387605285643,122.682,30.515880100844463,361.200693290194,567.5596113743386,8911.031660213283,477521.33927614073,0.05296790093945999,4.619575774317782,146.62534980933796,963.0415431090832,257.71010064249015,934.3027433879711
CZE,Czech Republic,Europe & Central Asia,High income,National,514.8392802483229,953.7326696967805,235.1246550167577,1.6317752845433455,499.41191553664004,15.576121718113422,10592731.528577,NA,NA,82.1354472,86.4,32.43812550957779,515.010676642163,981.09029775615,15117.493140175702,467385.6177311435,0.1397980255531819,12.167135842167847,150.03713192469655,540.7649024396173,136.12643217756582,480.19378724718007
DEU,Germany,Europe & Central Asia,High income,National,539.9477008448182,541.743650758683,133.15061431877507,1.2847977579604066,313.6541677772079,20.6057340824818,83294523.7888545,NA,NA,84.296996,65.55000000000001,49.350347610197055,640.3418863207077,1076.4651744713635,14782.906043019093,478961.56627195585,0.0561539097475711,4.867192258328839,105.12859461526462,672.0644111317976,178.50992266540317,832.0795551420626
DJI,Djibouti,Middle East & North Africa,Lower middle income,National,130.48459244783828,332.1008447370939,42.25262374248075,3.800965360812082,66.87513607165488,1.0446939673144189,1113100.4648529,NA,NA,262.5774586791992,219.44,7.97750216493254,175.9443599926191,263.54526204693997,6876.766938771253,411552.46007997246,15.044268931774322,1307.6375076014667,624.5394574274746,2224.927924602284,905.0913029069114,775.9571047471833
DMA,Dominica,Latin America & Caribbean,Upper middle income,National,167.46900291449927,878.2662168951631,88.95619711425483,3.0302721817515916,132.82126058497948,4.01620429218879,68933.1144715051,NA,NA,NA,129.60000000000002,22.02494127676256,330.83190073269736,860.2473043594866,14834.861067430664,NA,4.092817923968537,356.7746843076777,763.3523522730378,3119.872607077698,2392.129287414737,1916.1944881309803
DNK,Denmark,Europe & Central Asia,High income,National,393.39270596866317,872.9031833115904,98.22324239776873,1.1995689272083672,249.7326439812509,21.92162511281908,5732278.15046228,NA,NA,76.40452394485474,57.24,70.1124851034685,933.1595008699724,888.6890026586212,12890.534696943912,472339.39649268676,0.08389642766255173,7.302937562143899,193.0314649092465,1146.0290800421492,232.12082614879657,685.5330248904778
DOM,Dominican Republic,Latin America & Caribbean,Upper middle income,National,133.9050883291768,453.23485330116534,65.28649055638873,2.2044436629366615,89.67236554571473,2.4864425540942356,10451749.6838031,NA,NA,194.5820431985855,217.78900000000002,11.188651166259394,180.30465301129914,458.70948677152893,9081.926282114986,416610.7081317213,4.155502694875587,362.19469166492183,833.414793632949,2950.6515718991445,2544.549822238263,1512.3960272887255
DZA,Algeria,Middle East & North Africa,Upper middle income,National,262.4609038785052,519.9499108143052,69.1702957764443,2.711164117362777,169.03826513074193,1.54532512476168,40463698.1374229,NA,NA,333.06446195411684,149.076,9.182926374424644,152.83189031669696,329.07088077513515,6147.159900222097,269417.119938628,2.0040803601201604,174.7137360058012,601.274122611116,2175.4306259068567,852.1453793693229,1301.5418788746974
ECU,Ecuador,Latin America & Caribbean,Upper middle income,National,119.90104373808246,448.2855185930804,56.12919460855091,2.9569161096891863,75.45231316255459,1.6509672530287798,16686189.2915103,NA,NA,160.10819677734375,171.7248,15.080398675333655,178.70825743194854,391.1181834216077,7043.3703301760615,440221.6193213996,4.7665903999384955,413.93981316439533,845.1626157564434,3206.3731302959113,1458.4606751633755,664.2329417681447
EGY,"Egypt, Arab Rep.",Middle East & North Africa,Lower middle income,National,252.55743148190004,520.2741144956352,59.66339949689772,2.6403857202117433,155.61214548622618,1.0429998290784883,96484009.0450649,NA,NA,362.6094218730927,351.65000000000003,12.449791639474752,283.7051813029548,403.41822920164134,9868.834888967678,293575.4528673547,10.753029702683087,937.0149758087714,772.3155678551426,2980.6209102876164,713.3243755227263,836.6532475064994
ERI,Eritrea,Sub-Saharan Africa,Low income,National,113.45047829698052,239.15808751982178,22.919176311015278,3.974256362437496,45.171622866928146,0.7505647061697583,5859328.99322904,NA,NA,369.7192088165283,432.57200000000006,9.492841442677143,232.08397602174279,261.4914478219565,7473.746599539587,431478.56656074425,30.503698332628023,2648.7688450007613,676.706764272147,2507.6981837049134,832.8842185921675,494.5826242815174
ESP,Spain,Europe & Central Asia,High income,National,297.43260993654525,585.9615231806418,100.44001347062122,0.9836150834368027,261.73590739282645,16.56480111083964,46389212.6629041,NA,NA,54.3609696,68.88,61.987709449256364,605.5006911065678,854.1786859464072,10846.99899845817,457018.7420583211,0.06945188002287431,6.038847548745219,113.6491781603769,834.1046064621369,351.05130191232075,1256.2337223412528
EST,Estonia,Europe & Central Asia,High income,National,360.9436035326765,844.1395965682692,184.5419039179209,5.207752806717378,554.9233086068048,12.899408092070164,1314543.32134135,NA,NA,59.365593,48.3,18.421967250834445,264.8594175025056,1091.6900734275093,16813.202794788183,473984.94322983036,0.27995389869905457,24.349299159097793,146.03665133387443,522.3222262560225,155.74387597290666,621.8202312008412
ETH,Ethiopia,Sub-Saharan Africa,Low income,National,94.02967805355499,166.15192837738118,29.879507376073565,2.620197300316047,39.17502652121644,0.6545639497528284,102883938.284794,NA,NA,392.17901058197015,655.5,6.925598010928838,133.9597909972935,177.7820621325822,4156.216741757114,431767.69852293486,24.857214276526637,2162.8976244158002,730.8463235804538,2651.8352624388585,915.5624208246511,516.8831820258938
FIN,Finland,Europe & Central Asia,High income,National,337.62212833871064,808.3650462041489,155.26274146096978,0.9659364655985337,331.48315872962775,14.2813928667631,5517977.86056488,NA,NA,52.494833299999996,38.22,25.28951781475485,354.2252396118065,931.2383238387254,12761.806150692484,448686.470609575,0.022358167197453854,1.9439238371674452,160.4461405373176,1105.673329210753,505.57754135577653,1446.6727416667823
FJI,Fiji,East Asia & Pacific,Upper middle income,National,275.6157366221363,1542.7652254340953,60.705637698291106,3.699383706338391,202.30759864424988,1.3858245823237032,906938.749872977,NA,NA,215.10342601776122,219.91199999999998,12.29333605330859,265.3466669387218,665.2663625977767,16482.824342479715,369251.906502764,6.791355792946818,590.2309360667523,978.6411437376668,3813.871026242345,953.9913639385007,1578.9193373869612
FRA,France,Europe & Central Asia,High income,National,195.6818249913702,408.9540654144785,96.62935226020903,1.0863684827004174,236.92614377672817,14.936842695533253,65712599.2589352,NA,NA,96.02858562469481,75.24000000000001,25.489111822524713,261.709304013767,802.0346200151095,10502.807607517823,418050.0665706929,0.06814172879116322,5.905197312307549,183.68928402141543,1212.4416260579828,120.6565558114323,375.8859180515734
FSM,"Micronesia, Fed. Sts.",East Asia & Pacific,Lower middle income,National,312.71554381170614,1169.548035135568,48.54894059071082,3.69414794566481,180.3234346168847,3.3625982867548236,103926.311991094,NA,NA,228.84171069431306,254.60070000000002,25.87665138994455,604.3676936284094,548.3218305068017,14239.624692752875,NA,4.156767593658855,361.6978168520358,1055.6813452574156,4357.668451593947,NA,NA
GAB,Gabon,Sub-Saharan Africa,Upper middle income,National,182.7438852041018,593.0803002974926,32.67896868210229,3.6335926880704394,85.12163537022336,1.79294998008598,1702719.80811545,NA,NA,384.8320109634399,450.25400000000013,11.469877923749813,219.51338260993072,354.022382343742,8016.835942417777,304330.642817294,8.74966763856904,762.9068836426496,754.3544636152549,2969.768478260482,3211.999064046346,2537.1479555296783
GBR,United Kingdom,Europe & Central Asia,High income,National,489.66552787688715,525.1102611143781,96.99543705007515,1.927548966926088,232.06566240474092,19.622891673092,66635515.4784118,NA,NA,80.33936519622802,79.80000000000003,59.59292034220781,764.69535895597,867.1952005757277,12075.702184151216,466344.27249532717,0.18464656668768753,16.042389520516924,256.2567618200856,1877.3188402516062,538.7228483529935,1346.2892641546978
GEO,Georgia,Europe & Central Asia,Upper middle income,National,347.53252371396644,1092.2612328652294,181.04870754896513,3.3859471894948276,460.0237501450365,8.869518960285895,3691321.81858594,NA,NA,142.69767700195314,89.16700000000002,39.573754488757075,632.432926481334,1276.849751910409,21925.366396858157,450360.29120944196,1.1203583115397555,97.19574200596058,200.10342754968957,727.022648256947,314.5929282440221,800.43986821281
GHA,Ghana,Sub-Saharan Africa,Lower middle income,National,228.325859094563,319.6259693882757,34.63386666772285,3.541159586102288,88.32353144735859,0.774097692952814,30205291.7137156,NA,NA,357.0474293441772,319.27729999999997,8.553852290944361,189.52734644242386,303.51928839389456,7402.294014916814,384540.308225468,12.130793339448713,1055.675064993329,427.5710703073795,1491.3651620674475,645.6853052388842,539.4974878723144
GIN,Guinea,Sub-Saharan Africa,Low income,National,195.78256057995804,211.4735668875341,30.08206471622744,3.3713261727203365,65.5005146262607,0.9812726456948246,11819986.8900984,NA,NA,439.9225423049927,441.17999999999995,14.096849616349552,285.85930701461444,331.55927787852016,7548.953944282657,331576.3242728428,56.20188634218688,4882.560047461633,709.7649185303927,2606.0253815301453,1050.0652594122016,732.4706541978173
GMB,"Gambia, The",Sub-Saharan Africa,Low income,National,173.75233163929255,236.00638664832226,33.663171101427125,2.781390402690961,65.33943386411218,0.7226069833140013,2132509.54239919,NA,NA,466.2712282333373,397.4633999999999,11.38976686489097,228.84699678967806,301.2833425660325,6942.055829051639,303483.23437615845,18.399748882906913,1598.6793597560893,565.5270681866178,2050.407251074564,858.3783957846149,518.6372947038215
GNB,Guinea-Bissau,Sub-Saharan Africa,Low income,National,164.24044914830208,241.01481270391804,25.728620454502824,2.673779900067849,61.505395559157314,0.8391003852127835,1855540.47728839,NA,NA,427.1430706558227,392.66700000000003,10.425329771133912,246.7928864550704,286.5821363939005,7741.338742801456,380673.87499128754,24.662812083418373,2142.133233507748,577.3560565968166,2019.9191920238964,962.0178874290133,697.2919566221394
GNQ,Equatorial Guinea,Sub-Saharan Africa,Upper middle income,National,114.13999360844598,395.65925418413747,14.103839741234623,2.490474385811239,48.989059507079894,0.7888824380894753,1345030.91787417,NA,NA,403.5465181350708,438.4250000000001,6.87445200766092,130.49409292230894,165.95946924746022,3918.2999461042987,362071.5452346975,9.166802032896724,798.9620427105339,886.3424736140738,3445.67607871492,4942.983288821302,3325.0207861901263
GRC,Greece,Europe & Central Asia,High income,National,611.3586558663158,672.7561487711074,146.99279571411316,1.3385601227602313,314.744350678637,17.48350020112098,10402318.5296505,NA,NA,93.56019599999999,80.36,54.18764928569493,566.1648641101297,1108.9880335047699,14585.920558837848,412159.2483149191,0.16528741432851907,14.353614112434796,125.69257690467296,849.0401018211023,199.00164988213942,687.6020436801906
GRD,Grenada,Latin America & Caribbean,Upper middle income,National,192.81662754141433,937.4432633629049,109.47415366898768,3.9659832066893626,167.32933039457237,3.763322963168963,110878.62637542,NA,NA,164.13529488658907,146.96880000000002,19.727756691651095,299.4044673707532,930.8202030083439,15838.015554825,NA,2.160579325467244,188.20024658691895,807.6269586773261,3110.850776806383,1901.591495966991,1527.5624124934818
GRL,Greenland,Europe & Central Asia,High income,National,540.4696158456834,395.1433445255432,39.725435357414156,3.4328284307891974,278.4802960205288,18.910323491796305,56155.3269104691,NA,NA,NA,NA,43.27030009835619,769.1419191869784,650.7790125639034,13711.863775246433,NA,0.9305012877672003,80.8260895476826,398.2100999061426,1939.0230604551994,208.09251308661615,614.5691138976525
GTM,Guatemala,Latin America & Caribbean,Upper middle income,National,150.39263146518906,499.9993821613796,45.09206493679906,1.768976009185785,50.559817947369375,0.8961956893202623,16924208.0440367,NA,NA,244.83195414733888,283.9968,8.37707347963735,127.0664803808956,321.1354455056556,7039.452781093462,368222.6553520335,18.13348691195766,1576.5415669485055,620.594125404337,2139.4675449885103,1823.8434034658492,741.1486592082925
GUM,Guam,East Asia & Pacific,High income,National,337.5019171748834,1011.0134037385027,74.45069229039723,3.8827221624143027,290.25024593922114,8.401915893545366,167836.747717223,NA,NA,NA,NA,22.047753699713503,399.85937730670264,640.28001406185,14258.304323491966,439459.0770143092,3.3457393448566184,291.6508817053666,958.800945869893,3796.170715991648,356.06994840419804,576.6874764701348
GUY,Guyana,Latin America & Caribbean,Upper middle income,National,117.2843900962993,743.4084234026631,65.75035234973852,1.8784469119824037,107.19110407172671,1.423525122419732,742302.328010887,NA,NA,198.5426757259369,288.88860000000005,9.44267968643855,187.1383640947263,549.5534153799241,12816.098974385932,376584.9466809153,3.845188203597777,335.2905646596496,1075.4218657578988,4013.7210671556763,2486.2407409463663,1616.2310620995438
HND,Honduras,Latin America & Caribbean,Lower middle income,National,177.0367766024852,366.4887205732155,50.06498716248191,1.2589673291600505,55.50000769123738,1.1375214479438536,9498814.63842634,NA,NA,214.8274600877762,216.40410000000003,15.80274561555564,270.5408086627859,321.4858490433736,6731.349120445568,403067.28165056976,1.7180413841744824,149.82638962021932,903.1249578675023,3265.486827506802,2781.272369830851,1176.656027667433
HRV,Croatia,Europe & Central Asia,High income,National,524.4880767956057,996.093367602647,212.32278286124838,1.1215666130676663,532.9741324947685,18.332376641877914,4275495.81821378,NA,NA,44.44783883094787,44.05500000000001,41.9347402434353,555.7819163410907,1124.9166580088179,16872.478849911644,409693.50721281837,0.08135256337121173,7.0899547739411855,168.287912010074,645.1605363914023,208.86569884965527,615.4669567889694
HTI,Haiti,Latin America & Caribbean,Low income,National,130.09920617270396,485.4640581016395,49.85284284774168,1.7884822405786622,69.49526141856624,1.5573138629058874,11824835.2691707,NA,NA,243.2398388385773,569.25,15.195537362822995,297.2599538382424,426.9357470249326,10353.25353638982,400871.55000171147,26.58928919391238,2317.717306652621,1287.160126406348,4617.879023953592,3444.3293350721146,1883.1491088976243
HUN,Hungary,Europe & Central Asia,High income,National,619.4175078675038,843.9530511493604,230.78432948984462,1.2805690660877236,550.0625726957164,18.679572988475392,9727364.16689975,NA,NA,85.7534708,83.41999999999997,52.35149835255468,890.63331532675,1181.21267589622,19613.587598676037,449319.1626450642,0.21536416805543235,18.774522365938825,143.0809423525044,526.3875407860805,152.79214744087182,525.2403500411331
IDN,Indonesia,East Asia & Pacific,Lower middle income,National,309.9178354197882,621.0475783850803,62.85061243704872,3.012781593293544,226.7952867509514,3.17548232239354,258134673.218752,NA,NA,191.62972778320312,204.4842,25.643855675663804,480.6535872472373,474.0700569116554,10886.48582338877,439905.16150246613,4.22063036824102,368.0137538307774,539.6725734235073,2141.8066964129825,888.053527027485,1198.4280768738163
IND,India,South Asia,Lower middle income,National,528.3963021662927,370.32585976691627,53.12809573990569,4.548663750050845,100.72532651169728,1.3742279093691319,1380560358.77939,NA,NA,246.13328433322903,506.324,69.29267189122494,1220.0362807866507,458.74808440865627,10255.034310121437,340100.43031947233,13.431396522165928,1172.7121537473577,138.33074200482466,507.9111906168025,622.0421190126527,859.3261080224713
IRL,Ireland,Europe & Central Asia,High income,National,371.2209600064433,653.0802325024819,86.45341169434201,0.9116789549856265,188.85722136891195,11.657352208549343,4860552.38032325,NA,NA,82.10519760000001,67.08,38.54098886105355,459.4510880222564,597.4182485244594,8752.476328319597,441472.69959938724,0.07743925243202776,6.742543622930159,252.68566444238576,1850.131800415233,405.0889149905746,933.2244311084526
IRN,"Iran, Islamic Rep.",Middle East & North Africa,Upper middle income,National,180.8130324560454,535.2688907490972,67.94525183619359,2.500503198101366,175.9245636783354,2.023016178388019,82176111.0977552,NA,NA,114.89404717254638,146.38469999999998,13.389265354885616,220.20905300126586,371.06006930213897,6829.86008988615,302982.42616669874,1.3690790024810373,119.38077979918523,382.633197852544,1423.9289272888998,475.5988361813295,958.5783647791994
IRQ,Iraq,Middle East & North Africa,Upper middle income,National,164.23338498579233,422.1325458487259,60.98911446487702,1.639644910713905,132.29740873613616,1.0998357554438531,43304441.5821135,NA,NA,308.87316833496095,397.88620000000003,2.677207061148708,50.35415392986163,165.5855527724307,3632.773024995146,244324.98861196716,4.714972817868097,410.39608865954875,758.8263026375739,2837.1617923563504,811.8479725304002,623.9470643851977
ISL,Iceland,Europe & Central Asia,High income,National,421.27945885525605,588.1174388387129,89.87823889812651,0.9948437662467577,188.75533542847458,13.708965938516275,337470.541789902,NA,NA,103.72200679779054,49.980000000000004,30.097955318032934,352.78703879212327,606.4770324230793,8335.098817703965,542494.9247443399,0.13318494232080935,11.521928019284626,262.94399193409896,2005.384019735646,297.4822764308134,709.9717614735202
ISR,Israel,Middle East & North Africa,High income,National,219.70252973917238,469.9969303525779,74.644017704088,0.7754376739552882,149.69212239274583,5.445820172361312,8949198.03856104,NA,NA,180.77203893661502,168.80000000000004,16.948641494315726,209.57269842947164,468.15501618605236,6482.352712310712,410408.02667683974,0.18951527313458957,16.467218163980696,253.84304927486772,1611.0854479624734,308.43609428536314,555.7378715467206
ITA,Italy,Europe & Central Asia,High income,National,302.4276084384985,778.6919477566104,134.17450062281026,1.0181945656175897,196.26143466340767,16.953460767985366,60597479.9784122,NA,NA,59.217227172851565,55.47999999999999,42.30666318529638,413.9942131943674,977.1731698271153,11918.374847825819,392012.4089879438,0.05930039934462142,5.156102157222046,103.8409990724317,555.3668973820222,113.72636720957871,409.7900838260348
JAM,Jamaica,Latin America & Caribbean,Upper middle income,National,161.52778743964512,810.7579891943196,79.48603094935599,1.9464343371192487,118.09690769704194,4.4914293255827635,2779264.02879964,NA,NA,160.056727891922,184.0318,19.88201890410373,330.4302314617909,610.7179686082649,11010.457093285426,461209.3670162624,0.9489543190418218,82.70828220987198,856.7689995334596,3428.2742851585654,2140.5184927929977,1717.3713618210875
JOR,Jordan,Middle East & North Africa,Upper middle income,National,166.5019570413538,430.0063052167545,52.49262719078352,2.0425649881953234,126.0290360790292,1.4669261432472755,10648463.1476064,NA,NA,402.06345425415043,294.08600000000007,4.5182871961293385,80.11915389971902,185.03027831503158,3923.804901509171,241753.41160370395,3.391433011346723,295.86663229758113,750.7560742822319,3078.992857927097,1116.131383022307,964.4346097313086
JPN,Japan,East Asia & Pacific,High income,National,342.30369108484064,492.1317889475198,108.62315678870547,1.153751717231924,538.9338620188084,22.264694505787727,128363257.326853,NA,NA,43.0960432,72.96000000000001,27.376747488607588,275.47419227012557,1000.0984272830315,11739.887135631556,438163.78312082984,0.10219360372997428,8.831562200672142,147.82353151870737,739.9572234992662,112.38530869675989,440.1159816017037
KAZ,Kazakhstan,Europe & Central Asia,Upper middle income,National,246.11268548990836,509.4504927443704,89.44182247332046,3.0731889254093656,318.66317973875954,4.0711756740416245,17904334.2102603,NA,NA,112.00308074951174,132.00400000000002,26.384625367594108,521.8730603301221,629.6496722480148,13686.329915175593,471132.2250201057,3.7064196292383986,322.6473358585573,244.78477004860835,825.7020659549601,250.29722788752875,646.2580883554551
KEN,Kenya,Sub-Saharan Africa,Lower middle income,National,124.05029566535069,265.85968357959354,39.897674802301246,4.062901826016775,52.22669911080367,0.5607363075261141,48326776.2899052,NA,NA,253.23646952819826,234.368,9.820704750961058,202.50189616792693,227.2568498252624,5552.366998734384,363660.11731742235,19.74870030413696,1721.5147368938817,588.6916442345592,2181.346861942874,922.3519241715065,602.0145152135301
KGZ,Kyrgyz Republic,Europe & Central Asia,Lower middle income,National,160.90479287361302,372.061603509903,59.66672101435787,2.1206240118909556,168.55942013799978,1.7814152469853295,6368575.77183487,NA,NA,257.97509765625,156.24,20.43968685978114,362.13128093397677,416.1311511715573,9189.357587490478,387841.1712665499,7.942313938092755,689.7028866961217,385.3849812786115,1403.9588471417242,316.83479356933987,507.65564638457903
KHM,Cambodia,East Asia & Pacific,Lower middle income,National,305.74240344850034,440.8480132949242,38.04558953941868,5.185279444879835,146.56878797061785,3.051268247558691,16122383.1586491,NA,NA,238.09645202636716,258.6457,18.7520654926614,339.7502576123432,414.72062959057666,9508.856418683421,501224.3495945346,18.84828482702525,1643.817609516322,598.9143177788782,2168.4815761443174,738.6994579403054,716.1037910084866
KIR,Kiribati,East Asia & Pacific,Lower middle income,National,287.0111674862796,1229.0200152204395,44.85412647849979,3.210893227580026,165.22400159511085,1.975674731369901,118240.556505636,NA,NA,282.2883272609711,234.84020000000004,17.174450416641054,420.51120391972205,549.747874131449,15603.415735696735,NA,8.178346894747465,710.8397381409866,1269.8010909923569,4777.057292801869,1561.6230205344025,1720.619980254428
KOR,"Korea, Rep.",East Asia & Pacific,High income,National,389.65628192362107,721.2535494049024,52.87594454780761,1.111234009342639,335.9234708152687,13.332382522627894,52670741.3412263,NA,NA,46.757851,30.800000000000004,18.294310505815368,209.00474528303164,495.8166276240833,7959.330172933953,474028.08912768186,0.06323463235087895,5.479474195627334,153.61190323681944,788.2349554393683,146.51264864502343,447.0193887620686
KWT,Kuwait,Middle East & North Africa,High income,National,217.42898237370386,510.24166179737074,61.111141509605815,3.427094563443602,129.01000263341516,0.8989373167615932,4262200.04533802,NA,NA,152.40294982910154,121.6033,2.0308030699572615,37.67564299094213,141.90136242225634,3334.8794582180603,533742.9106856378,0.5339859238901321,46.43212355331526,431.75623474896236,1682.9646360430563,796.902546541696,1305.2519921220166
LAO,Lao PDR,East Asia & Pacific,Lower middle income,National,332.31641579871416,459.55485325437024,36.49668938623541,3.09897817762554,148.1261657222045,2.7461860846215744,6970176.35667748,NA,NA,249.18522033691403,354.53400000000005,23.248524454596108,454.2559726215754,384.2922167810926,9212.671525586198,485411.17943775,34.711075996020924,3026.954099582824,663.8768915978683,2403.3203262184147,1000.1610953963085,718.1275987665243
LBN,Lebanon,Middle East & North Africa,Upper middle income,National,271.54226353029844,582.1406216314458,62.3479489992983,2.565210589422269,134.5695393070523,3.8764313851136016,8511979.51599936,NA,NA,159.56017953872683,203.20500000000004,10.637567864280909,171.03649149122262,334.89237778621145,6428.887116894406,324927.9509767261,0.528935274053209,46.16108067799699,740.8829130319624,2986.511311247604,1298.7757171196688,2212.1960660979366
LBR,Liberia,Sub-Saharan Africa,Low income,National,151.719220050017,259.5488517039724,36.382819320959356,3.080208315211052,57.805856469015545,0.6259961291353969,4722638.2156024,NA,NA,399.9687447052002,467.96400000000006,6.7891675172320305,142.50600424016298,228.99691759837057,5511.027878101174,296117.29453162383,21.988115886604803,1911.9387675510184,575.2574490327469,2085.2019224394207,789.2505163079818,500.19561782135844
LBY,Libya,Middle East & North Africa,Upper middle income,National,238.127301122728,633.0213135800684,66.9717530576328,3.307753768484988,156.49632249899258,3.018487166805529,6908739.66048985,NA,NA,259.7918889427185,137.59799999999998,12.212946682306114,242.2720538144546,374.3147399518032,8562.012909123407,347294.46425896336,0.7541377923359379,65.30419262726535,522.753146185122,2017.9775901631665,1269.844889390139,1551.489276879193
LCA,St. Lucia,Latin America & Caribbean,Upper middle income,National,185.149410431905,870.9290286928148,83.60020956558198,2.822834834397978,126.27723534080884,2.9175931386741945,176474.444847228,NA,NA,119.33985305118563,122.6443,21.684581454781142,361.93688846948606,647.423087174871,12193.469195682695,503510.8214264271,1.1292344367251483,98.49661431503411,763.9032412772457,3030.541151796691,2103.394683130126,1847.5833613317723
LKA,Sri Lanka,South Asia,Upper middle income,National,312.2929780239209,753.6742871069724,80.55194859665949,5.526495698432182,225.03277965667266,1.8771177855687073,21596437.4934245,NA,NA,112.41180101108552,273.8020000000001,22.05529895446491,361.475028614053,487.12885796315453,9386.395988887713,348022.7147668581,0.54397981035238685,47.29496996651925,457.9212816734733,1753.5236415307058,990.7262254024314,1628.2850451935317
LSO,Lesotho,Sub-Saharan Africa,Lower middle income,National,596.1954777099874,623.6641110634308,45.60704281717067,4.99018382042604,89.92334848660767,2.1863104331667595,1947578.24508562,NA,NA,325.1107160186767,290.719,37.05019022087222,747.6127123899099,536.9943854962046,12774.664374023878,403733.6873794432,20.53451517355914,1789.3612165657194,351.16939416974895,1265.272013976346,2469.1226717767086,1623.8393543264121
LTU,Lithuania,Europe & Central Asia,High income,National,366.50659763837706,725.0490458880117,223.26126065938473,5.958215993823864,741.7815808883191,13.591442380333923,2847647.299027,NA,NA,54.693792699999996,48.480000000000004,25.082260351094526,379.93300240897486,1311.9420774171138,21185.945722839864,469963.4701033588,0.40673528728224057,35.435181101289466,165.0638281912255,617.205038026142,193.59449717960769,669.8045297434552
LUX,Luxembourg,Europe & Central Asia,High income,National,370.1195131963444,748.8096986809084,97.85940936798076,0.986473026296957,203.32672489109,14.605847183636929,590546.614173648,NA,NA,100.29226455688476,73.83999999999999,35.38103431175526,420.89517049824076,693.3987548771787,9917.32365885843,458561.7812466434,0.06498699385838094,5.641605634556915,180.27730467453873,1315.6545025462449,292.181780165559,894.1443136353901
LVA,Latvia,Europe & Central Asia,High income,National,361.59658131145335,834.1625421845858,188.46710679541837,5.404111009390681,769.4933290651686,14.20163037743276,1945427.35691793,NA,NA,57.779999999999994,49.21999999999999,18.930419829295747,283.9741341967768,1337.1992896196882,21701.360574553375,464011.0308856161,0.3129702857627142,27.276420315960547,190.8666077091484,731.1495302088554,222.22349010497535,911.6772331246812
MAR,Morocco,Middle East & North Africa,Lower middle income,National,314.9222797160049,582.2014019681401,96.13939974483262,3.176184317166975,205.67994846549436,2.797972813152965,35488915.4878584,NA,NA,260.04658687305454,290.98499999999996,13.894075632552905,247.62318653468583,505.7547302271567,10080.63372397712,300271.47160988965,2.6819115485477325,234.18199062656495,414.6495269246678,1557.9139745117195,383.2741354030264,681.828313640029
MDA,Moldova,Europe & Central Asia,Lower middle income,National,273.6186518071004,698.8876320599883,147.00285333805897,5.712838506096025,426.91960603526763,6.602179453106653,3721820.48970747,NA,NA,89.54957124710083,59.58919999999999,23.26835386011252,401.79026826379777,1015.6817306446907,20147.418209970096,320538.4602043744,2.6801949721024996,234.3514681516469,183.53106547158816,705.9431000084342,191.32666150053058,556.905271420791
MDG,Madagascar,Sub-Saharan Africa,Low income,National,153.5783569052016,220.9629194437868,34.95918550838526,4.307354531773755,65.10241346853697,0.6013612908128454,26108784.5617991,NA,NA,393.6388378677368,526.352,13.258522996886112,296.6078264387215,264.1741540856487,7065.0764917040015,464588.0562162762,44.57964072607189,3881.74877029675,877.2655039607754,3222.6169256307267,1456.6252714668456,860.6242947393507
MDV,Maldives,South Asia,Upper middle income,National,214.41949392490906,441.461175966262,47.15927600132668,4.602458627234472,119.30255398256615,0.9562962609338157,458600.875016181,NA,NA,92.78860363292695,163.80100000000002,16.83611191919479,259.48797594919995,205.358353547419,3934.916552593051,487709.08114384895,0.41325365683815257,35.88471144906771,442.98422892353193,1624.2013163139272,735.9496315572699,738.5133008916525
MEX,Mexico,Latin America & Caribbean,Upper middle income,National,219.77196531093517,898.8131739176104,74.41234462728409,1.3607626971399576,75.43382782807522,1.6606837044310923,126569719.939461,NA,NA,126.19983574390412,163.9497,22.70883556508769,311.62328508372786,437.10796787396686,8740.111552973465,403580.09390203125,2.6730567490550743,232.96202514675636,502.8421719035293,1814.2170873280822,1143.3909711518659,706.4481097277269
MHL,Marshall Islands,East Asia & Pacific,Upper middle income,National,248.54182275638416,1075.395638035516,37.99459999800819,3.8358418844939073,159.65394643869334,3.2995782843390074,56310.6479049249,NA,NA,NA,522.5097733986654,26.077052746253816,689.7701312924897,547.3344569511834,15943.254804249205,NA,6.855949210998584,596.6028575679161,1057.2036069610447,4176.021318494428,1260.024717168891,1349.0333680454091
MKD,North Macedonia,Europe & Central Asia,Upper middle income,National,405.16723305781204,839.1602219779014,149.62383714119744,1.26917752397615,481.06349256040886,10.225544620242724,2174828.30627315,NA,NA,95.4678269290924,60.241499999999995,21.918494326734915,357.7523700617057,830.664868117556,15134.270937639956,430395.3249224381,0.663238070433669,57.79355810419633,201.92360519867384,780.3513416653348,238.28383302958207,655.7346462184984
MLI,Mali,Sub-Saharan Africa,Low income,National,206.15161904211266,210.03338662067503,21.91453445609436,1.5721253155656147,55.835221237689744,0.5967961552242009,20253726.98489,NA,NA,503.49682402038576,757.404,13.544321335642346,306.29938021187405,211.5014163639723,5019.704162528494,342479.66858057637,43.87000332561822,3808.1291733071293,571.6529199409904,1951.3379980091922,691.787437959093,485.76928618322813
MLT,Malta,Middle East & North Africa,High income,National,342.31772770155254,1079.7015086386891,135.39112810024275,1.269724358396042,235.75166374387902,13.435344304842966,434472.34157536,NA,NA,65.1534064,64.4,31.135701829128262,394.89545348242547,873.8979968315815,12613.771688405834,431449.91337643814,0.19765058694837656,17.214003236874042,145.04231195460252,985.7122301289616,297.5772048715662,907.8087999108858
MMR,Myanmar,East Asia & Pacific,Lower middle income,National,473.09429519440175,662.8284102209644,40.98686514399832,3.849215398525138,163.46620022322887,3.4609516785974983,52795003.5012292,NA,NA,184.1505303955078,152.2458,73.12551906608745,1270.3925522871946,550.38416021796,12308.309287181848,421677.7730854486,12.74099152361848,1111.3462087165835,486.2789937173177,1829.9996796619319,1073.843349563942,1288.1227671178513
MNE,Montenegro,Europe & Central Asia,Upper middle income,National,367.402439337675,839.2964979403483,189.22196419478965,1.3710001815855628,432.737651009031,15.373808947467468,626317.940217071,NA,NA,102.63248991966249,60.052499999999995,12.25547027448232,171.2843003029262,985.22398716522,16606.425428482216,381418.2719479926,0.22501231612836595,19.567010673906235,203.4365154013309,770.6571087116117,265.8066773474272,742.3284401135866
MNG,Mongolia,East Asia & Pacific,Lower middle income,National,165.7046128107042,361.5728596130709,73.42333772332385,1.8313344887791079,185.283263645371,3.3964235820160447,3251425.53316715,NA,NA,258.31837097167966,116.71509999999998,6.226135153729835,135.39633117638837,493.2785839343517,12932.841565367404,387586.99300674995,14.090719982511384,1226.8688747149272,313.19569321092905,1075.454334632685,438.91653536037944,697.4427176227206
MNP,Northern Mariana Islands,East Asia & Pacific,High income,National,423.40624711854747,1275.766485085745,97.04428670379448,4.114220822312652,284.6482510461848,7.367950886250317,44878.1533004231,NA,NA,NA,NA,22.27154313324761,436.45549997787236,517.3290493996333,12034.032396871897,NA,0.7488061752216756,64.93826346144547,694.7650065597962,3170.107795274604,387.1173571626489,626.9715625695037
MOZ,Mozambique,Sub-Saharan Africa,Low income,National,116.5882003224154,221.04982022143338,32.332021598830366,2.838260175340775,52.12389775176391,0.7383914570917537,30035304.064718,NA,NA,453.2165432434081,640.1043999999999,7.5381319007783665,166.9728580322825,237.36487276420468,6122.84249526677,387667.82468319725,18.738661353624078,1631.7389475454656,810.029481958848,3066.677416250915,1149.82235989973,595.23304180566
MRT,Mauritania,Sub-Saharan Africa,Lower middle income,National,173.29440970136739,292.0374617675525,38.17375729961972,2.695033537229914,76.08191623597503,1.0191129587474703,3913921.55193768,NA,NA,408.4165976867675,1184.3804,9.556926952218685,180.804132447774,267.01542792383333,5627.415991239844,253231.347189119,16.876668993051087,1470.9639512184863,729.6970130017247,2855.7599691814085,1023.1180918834524,759.7997815075653
MUS,Mauritius,Sub-Saharan Africa,Upper middle income,National,339.7881528389089,1482.6260747011067,101.20749153033363,4.7891268111632685,275.3950899891037,3.2659576525206413,1272111.99219805,NA,NA,128.03403244018554,149.8,22.43518259512668,359.2475568821767,731.7428981803973,15122.27154953905,438935.18172951724,0.8236796367490076,71.72392628083882,388.8044088222047,1607.8754798457715,831.60042235912,1648.940693008912
MWI,Malawi,Sub-Saharan Africa,Low income,National,142.7347729928456,273.4375680103295,42.07823985862464,2.9657933525935167,54.183159204259596,0.5209314711881413,17191216.5620286,NA,NA,362.5206362113953,467.00550000000004,9.683748369600915,182.5347117573593,251.0914017387055,5677.167329964724,394685.6524982828,23.674013500891775,2059.004094483351,773.0303376221228,2855.1954123785376,1128.7016616880028,545.6794146099126
MYS,Malaysia,East Asia & Pacific,Upper middle income,National,235.9517146752339,563.575692916756,77.50093637628885,7.396886416509135,191.9207649080298,3.357289231205291,30639827.7531561,NA,NA,175.45427307128907,187.2237,15.552451098299777,270.3712410149259,449.8666537274999,9511.761640021532,447784.9468302642,0.763946711049138,66.68369510459674,463.1686627630665,1711.5154162313556,538.7295331090664,791.5424099439272
NAM,Namibia,Sub-Saharan Africa,Upper middle income,National,440.8997578996719,482.5042741629193,40.14471552813968,3.793409990765081,87.58510234460408,0.9413367665682949,2353502.57540904,NA,NA,348.264534034729,465.68000000000006,20.10359504547173,340.3089591098555,335.65317193540045,6902.878368066009,354007.4300424006,11.831163788784627,1029.3564723169006,399.77338747525135,1456.6485103425784,1915.410315289976,1198.3420241253955
NER,Niger,Sub-Saharan Africa,Low income,National,149.58552455683375,177.98876821029887,21.507713348117058,2.481651710354093,46.25493258239196,0.5852008361934382,21375945.8305013,NA,NA,556.8882121276855,1256.5800000000002,7.469516956045244,163.10774839873,170.18742485161033,4197.408425530922,356995.6719938971,67.37333019484659,5838.34179845551,702.4710849974983,2415.3901606513928,931.9328584550788,468.83569407721376
NGA,Nigeria,Sub-Saharan Africa,Lower middle income,National,164.80117365394904,155.11090662856103,24.845818776158684,1.853184688106054,52.960424843991724,0.6489920308862717,206087946.779778,NA,NA,438.3237220916748,583.4368,5.4054831054365176,102.64215392160325,179.3283270073519,4024.4059805486545,276984.09573253075,74.27351471053571,6457.561822495008,570.4713644108956,1995.6009392518001,1343.107097358691,780.4089638093353
NIC,Nicaragua,Latin America & Caribbean,Lower middle income,National,160.86630837047213,412.0845764138564,54.29798975396131,1.0172456461032675,55.73857576797241,0.9548670185804441,6396569.90462011,NA,NA,206.9749901390076,160.05599999999998,11.700551094503497,159.44611020431807,270.88983558839834,5539.268596390181,423852.4219864248,4.964502516350207,433.44128988161543,661.9056243545347,2349.8042511805656,1516.7213263772167,836.6900385368102
NLD,Netherlands,Europe & Central Asia,High income,National,436.0371149702509,714.2144293376691,108.21283747168368,1.0020789307774707,257.27979250551385,21.641430619397422,17029097.5555113,NA,NA,73.63452143669127,62.370000000000005,54.730402659288835,684.5860468318558,835.9560645226305,11708.402736362466,486097.738487776,0.06547012752042622,5.688349210654724,134.0240196595358,1194.769214391826,360.42873088207597,946.0298320263099
NOR,Norway,Europe & Central Asia,High income,National,298.6576033743511,615.6180042366198,89.69374016924493,2.1611082726002127,317.283174933422,14.379438174128232,5263177.84860988,NA,NA,62.23975999999999,55.64,44.44003320266868,565.2154991375108,724.7113994771315,9663.292827939482,475259.00438334956,0.04190017883672835,3.6464283598634935,263.7258500482955,1716.7289494381157,354.8290431594013,1015.2529714365102
NPL,Nepal,South Asia,Low income,National,493.94090779605204,300.7073134673323,54.125151200853495,1.9969088112721862,90.84224923037353,1.7061449312515444,29891523.8841289,NA,NA,106.75452988243104,359.4888,59.93530178444288,1063.7457558456776,405.75695039259585,8659.7205385193,512278.8568393181,13.212029245759611,1154.2298464746575,226.0213257818618,899.7498893999185,1320.375751098987,1357.4647233540495
NZL,New Zealand,East Asia & Pacific,High income,National,337.8645515895459,418.0837794533253,96.05284330736004,1.4329576270119884,186.56553847540226,13.74986050620875,4448375.07387207,NA,NA,92.83704727000001,70.851,41.986095516035796,561.380305101067,679.4853901942117,9862.46890814516,493444.73957817635,0.16770183265115143,14.632111518725297,383.18237099784193,2374.878994451406,485.29108138377353,931.0457349530388
OMN,Oman,Middle East & North Africa,High income,National,130.56620383645094,478.97359242043336,55.507516961444125,2.91032180281316,94.90240679514113,0.6266470583348053,4535815.19361571,NA,NA,182.6493200321198,197.86,2.1297092703212885,34.03982911962265,158.55389238353567,3777.997803337724,525597.5179127224,0.7563298201285588,65.79985065005162,399.9698291997265,1392.714975235873,645.8282502609794,1105.9941853585628
PAK,Pakistan,South Asia,Lower middle income,National,243.32546461402526,340.55461892874513,44.83724921091395,2.3832747334061364,85.6545097879225,1.6015238709205257,214287442.615509,NA,NA,239.8031397542953,915.168,23.15178595399128,434.8690499331559,361.6293430315699,8642.8487361658,316038.1539156329,18.89050791584207,1646.0831658569343,299.87554183232965,1158.404502986188,874.3344953543253,726.5371600861698
PAN,Panama,Latin America & Caribbean,High income,National,194.37323092283566,486.04678029176137,71.16185603531278,1.8755603869688036,85.84006667878542,2.1955050821082414,3921083.47230215,NA,NA,189.31430365848544,159.8829,15.721557585625662,193.6384351361553,372.8056689149685,6360.496787552507,434724.6082887843,4.180007391544754,363.35976297034097,729.1048173737273,2707.4393796868267,2230.948655337863,1282.6253777880438
PER,Peru,Latin America & Caribbean,Upper middle income,National,128.62460123431728,325.1063823900625,59.2418597942619,3.3314408781311116,71.5148905916183,1.92652510572526,33219611.6638377,NA,NA,159.43068318748473,125.12460000000002,9.186923971799887,126.00687502840663,326.23456259531997,5648.339129312765,500648.4276962466,5.25210543448997,457.68334142502675,983.2376770471444,3517.4926259448307,2027.985239012791,1031.571185924006
PHL,Philippines,East Asia & Pacific,Lower middle income,National,441.8873752612872,546.7747118493553,51.55979145787828,5.804124261083061,147.63660944109037,2.7258184328790054,103470619.266107,NA,NA,279.24089520263675,334.47240000000005,20.14617390388355,395.7807878268596,464.326136618867,10834.974808240384,373706.67536230636,11.97977263217712,1040.5152756316857,874.1174350568177,3306.888290961262,939.9199182318677,683.9747572979102
PNG,Papua New Guinea,East Asia & Pacific,Lower middle income,National,463.2632283697726,652.9347006906237,39.295674906080166,4.463229763254848,136.84177953973,2.7596860980693694,9227550.75112999,NA,NA,273.0097471961975,301.00399999999996,76.41515632277127,2092.161810977965,540.5069791875098,16883.252308567437,275417.9978594175,15.891520047813803,1383.405528337032,1376.795689311623,5143.632219675166,1414.6832948495485,1525.266246655589
POL,Poland,Europe & Central Asia,High income,National,485.8008995642515,687.6829889819614,189.36401566705095,1.5325270440858212,430.022750526203,14.63817886105107,38393060.750173,NA,NA,76.89492279999999,60.419999999999995,28.11316356271213,430.6971046770445,959.1620751910293,15905.188399983406,445108.5821881435,0.16608694334036544,14.435918289273184,206.10844287412905,832.0050172109828,197.41071386098974,740.6296383877617
PRI,Puerto Rico,Latin America & Caribbean,High income,National,254.1596717763279,1214.0807797326431,148.34953473034213,3.7826307105571786,171.31370042410592,4.843907923531042,3665882.36443056,NA,NA,NA,102.20000000000002,36.0356405729247,447.766182615193,790.1969586163883,12309.138279284749,300704.11757821444,0.39279736987594815,34.29695023377813,762.1551070641084,3435.7040247788823,368.22266123361567,742.5887083594021
PRK,"Korea, Dem. People's Rep.",East Asia & Pacific,Low income,National,940.7642824358908,479.12860711294815,61.85091204586337,1.2813006085392928,344.93282864616486,6.52354163645443,25716643.8125043,NA,NA,144.6949035644531,79.287,161.0457063618428,2610.4353894761566,794.0278761453463,16254.829930337728,568274.6301632697,4.790769362066991,417.8402485675159,265.5872772723561,1061.3545549279065,399.5574335016381,810.0179810349629
PRT,Portugal,Europe & Central Asia,High income,National,377.1487398332993,1169.8661550014042,97.93512167018882,1.5007948314433026,277.256223475207,8.882869591007207,10681711.5382614,NA,NA,64.8915204,71.4,54.40922425233938,564.0364364768074,1006.7416253475328,13353.403518267243,453823.1627409348,0.12017536933767356,10.456221141217567,176.18551367792466,1447.0528060258632,284.34840232489256,969.0797455933586
PRY,Paraguay,Latin America & Caribbean,Upper middle income,National,140.05752015301948,492.19565255372214,64.93040689976219,1.3289537914926146,79.0468839573598,2.3955073003083753,6931174.92554984,NA,NA,167.8166615409851,130.9581,12.928602326666434,203.93150472409,363.6580487834877,7104.300206088585,447891.73154294305,2.030280799743914,177.40794575798097,1095.284624296186,4085.0004878810505,1732.0517270089888,999.7442027406776
PSE,West Bank and Gaza,Middle East & North Africa,Lower middle income,National,130.75795318220077,390.49020050829523,48.82082494390679,2.0569886520878655,111.64630772210928,1.6157947505245445,4852096.65229192,NA,NA,NA,272.1355,4.843765885454277,87.54031292189111,221.64501722635993,4573.7728832229095,260439.13801574532,1.2635532133032672,109.72452782799908,783.8833857838347,3012.0694679601197,941.023843340641,689.4354502233316
QAT,Qatar,Middle East & North Africa,High income,National,202.04736993539595,551.9854484088766,43.18736760713432,2.9496535491038185,86.32511578400117,0.8733584497085739,2747310.81080871,NA,NA,43.487928835868836,73.7048,1.621982062908822,37.15751411717057,84.63035184768661,2288.948951331076,701354.0550774076,0.21596163261668835,18.80621282398182,254.7020947564429,895.2328847583199,842.9409446098693,1732.2068916545877
ROU,Romania,Europe & Central Asia,Upper middle income,National,485.81282286664356,661.4472131519058,198.86279275823762,2.2353904714950166,636.8992314149768,11.762428774316684,19433765.9551918,NA,NA,84.5465097427368,81.47999999999999,34.096051276271844,554.5489890292554,1270.1504244895636,21123.32593727625,417224.5832196755,2.1091070966178154,183.8214191084329,199.6010810682688,798.0501615759495,226.56788705555576,723.8264488948442
RUS,Russian Federation,Europe & Central Asia,Upper middle income,National,356.5319633337717,567.9063897446855,165.57392144235115,5.754420762627978,550.3203667462229,10.770441699116155,146189867.401218,NA,NA,111.14191188812256,78.69,23.45111366484766,404.4995989775646,1109.9056003308372,21351.302501447182,469539.706950449,0.7044027960171039,61.3837826449679,189.10706090372761,679.2023616041172,143.93721859155804,504.22360393621824
RWA,Rwanda,Sub-Saharan Africa,Low income,National,145.42834249234517,213.31904412994965,27.933853158579367,3.6449729688854697,49.405515322072006,0.675097877466334,12554172.4394686,NA,NA,383.64739701843257,227.64019999999994,11.273979693925419,227.31767267539135,223.3515090108685,5276.365776362426,452480.75772581424,22.653809055963013,1969.1311525001595,955.5714256183014,3757.775416004791,1482.7536016215447,847.7128501550576
SAU,Saudi Arabia,Middle East & North Africa,High income,National,154.46936553448307,430.5958196347691,58.72097880030381,3.302478484449544,116.44486305980621,0.8996337301821202,34444053.6719772,NA,NA,72.48560842599998,161.20720000000003,4.705603777267894,96.18847915813613,183.0147844212177,4638.588829821426,396591.6387167515,0.13237088376197054,11.442209438857148,320.6640810511193,1180.1139429956265,981.0792748674813,1160.6672774559386
SDN,Sudan,Sub-Saharan Africa,Lower middle income,National,146.90251175386314,259.19987539702373,39.23796257490107,1.6431558069506194,107.18154120158162,0.7811837319360837,40255550.5748627,NA,NA,436.2305288944245,999.0394,8.116192342377882,151.69186876041587,259.0150380793025,5622.082656579726,252691.84063332446,14.61939774395308,1271.5982002370445,819.7480546458169,3071.6190683033956,1669.9584539275495,1101.2785731884428
SEN,Senegal,Sub-Saharan Africa,Lower middle income,National,182.76435332877176,308.95157135715107,36.58566526894783,3.039661415956819,74.1557533969621,1.1372761976131016,14688033.8682018,NA,NA,420.23880554199206,653.2320000000001,11.347893940517972,225.3987051801151,277.4085506349368,6183.288233181983,242722.6436901428,21.09883734521156,1835.2081718201987,501.9225506527619,1747.8048878548032,783.3682644829476,565.0938106814259
SGP,Singapore,East Asia & Pacific,High income,National,153.69481122528452,404.95083545104126,55.17973948561799,2.6695757674097895,278.04265380609456,8.686716163502936,5568480.92637563,NA,NA,92.57977294921875,84.55,8.84008581309843,125.5206951320331,330.6338324505598,5678.280959421422,546724.9732789705,0.1908883195844374,16.606373984599994,177.06851533938212,882.350698761927,131.2252004920862,373.4201602722221
SLB,Solomon Islands,East Asia & Pacific,Lower middle income,National,267.50431243608654,693.6317469963732,38.27148139249609,4.685867863418516,133.7770962147999,2.1897142119475266,637606.723656209,NA,NA,328.0127707414627,410.96250000000003,20.688618069193833,452.1463502737128,435.8605794872337,11776.791278841993,381042.75661590166,10.541325456667773,915.3906986080821,1309.7955385994267,4912.1784766118035,1395.059252040775,1308.548906472742
SLE,Sierra Leone,Sub-Saharan Africa,Low income,National,188.1470928330644,228.4496016244973,36.61403023776845,3.5664230403306294,70.02720785893806,0.8901823179813663,7829748.92192017,NA,NA,406.10719878387454,356.35949999999997,10.552454600059084,218.92036006848983,283.0112549956,6716.36736847114,308336.63368833496,50.84727101884741,4423.231241055995,574.827231864829,2058.1488661513813,803.4437889046959,566.2751825396537
SLV,El Salvador,Latin America & Caribbean,Lower middle income,National,190.75750911233607,546.0318016461976,67.72849936572129,2.4021075914897048,73.26288090712178,1.8747958469533905,6086946.8978724,NA,NA,176.731968629837,160.33229999999998,16.57052341903295,214.60155521433083,515.100278872163,9734.432020083732,396319.0083286039,2.4377143614216625,212.74738606089758,719.6924232059948,2709.9737685761215,1925.8669242042306,1263.9484094545292
SOM,Somalia,Sub-Saharan Africa,Low income,National,113.96384046720445,233.49708348879747,30.40513773236863,3.0498555574908015,49.065004739952116,0.6309560307600325,16880386.4245221,NA,NA,501.59426222991937,NA,9.480988350938677,213.04696533629712,258.6925543047787,6845.9406115033235,228153.3464585977,47.06699221879519,4094.1105800244063,763.3076493895953,2708.7633154455184,769.4380965788652,391.93241455592477
SRB,Serbia,Europe & Central Asia,Upper middle income,National,554.6814571506025,901.2617051262885,183.46268798848124,1.2014923648413358,618.7740836709917,17.10501795202836,8874098.39695153,NA,NA,110.11657104492187,56.11999999999999,41.75481928763855,630.1065158915974,1334.2053177994078,20641.185389061407,410812.6809063506,0.2023852868074148,17.653403819495335,157.20928814709197,571.792591270691,265.80667734742724,742.3284401135867
SSD,South Sudan,Sub-Saharan Africa,Low income,National,131.27672743623464,238.27536510153325,28.181825886647907,3.291334293514446,47.48234761998431,0.7612714964591227,9941009.55560453,NA,NA,423.23025489807117,NA,9.244706051729114,197.7438162155194,228.60911268511325,5860.506429574179,384154.1978686955,92.7464832047332,8062.49836017252,899.3638711900732,3281.6431737909284,NA,NA
STP,São Tomé and Principe,Sub-Saharan Africa,Lower middle income,National,225.0562604966764,254.60100821263964,40.340438132466,4.388911278100982,90.14271313128562,1.5819946047920042,200205.978303347,NA,NA,382.51064626312257,316.4733,26.64645933855934,523.175169746925,351.09711164770954,8113.719223534166,315373.69884307525,9.351425671689302,815.8001934715928,524.2727411554287,1971.8880910206071,1347.653747837606,946.1100692657657
SUR,Suriname,Latin America & Caribbean,Upper middle income,National,189.6145831286378,817.7326223082804,89.83612581758163,2.026917886746766,128.16408977581153,3.2489062750287387,572463.16145942,NA,NA,184.67554794406894,261.1949,14.685831006228183,257.72742059243603,578.0213054923913,12179.543938344896,352083.3934796638,3.79099536699051,330.736486737797,1007.0865925020182,3933.049915875859,2364.9143231305866,1679.8295187212104
SVK,Slovak Republic,Europe & Central Asia,High income,National,387.20700622745403,631.6277698610469,202.81483110799144,1.5485393768927769,469.578884317778,15.876777933987709,5419210.14821121,NA,NA,97.0208430290222,84.52999999999999,17.96763668376053,292.9055914269095,912.0630062484987,15487.252750674572,470576.50421010965,0.4781774834088626,41.606607772691135,142.78568822993765,513.0395608883557,158.68805831120233,520.1144083571617
SVN,Slovenia,Europe & Central Asia,High income,National,454.5099721723177,734.3114999185053,193.83216728247854,1.540274361747588,387.1434515649605,15.373618627933942,2068856.27647109,NA,NA,71.15947580000001,58.8,27.15926977829198,323.079798951666,889.1085988524974,12801.113068056125,456572.7101141513,0.05203534136335458,4.521649465514718,189.30671211184682,725.8523648827204,150.80624765881836,513.7821133776827
SWE,Sweden,Europe & Central Asia,High income,National,460.08502151823365,673.7533745645655,171.16887582011722,1.1876875839590475,295.9066671197253,10.200981538587719,10044996.4815641,NA,NA,67.233002,51.74999999999999,38.303538068107045,446.32624528665013,852.0923397033191,10709.622650390409,486704.4465930623,0.07191321425658492,6.24871772860859,240.4155957885379,1678.253961414533,224.11533086465164,794.6448975517305
SWZ,Eswatini,Sub-Saharan Africa,Lower middle income,National,347.14282498850037,649.5945066416078,43.004074625649736,3.9565652011453794,73.76165188303229,1.7022668507405045,1124435.55566194,NA,NA,NA,232.92509999999996,18.663353655574678,391.28157841999786,376.3282467435996,9519.877579080536,302766.22815774305,19.49557467015197,1699.7883175270724,487.9908378313235,1862.6736265574793,3116.2154668234875,1934.6117427951688
SYC,Seychelles,Sub-Saharan Africa,High income,National,313.5067540162087,791.5346576809026,63.64359000334174,7.387051141944323,213.70144223298232,3.5178313015814577,100907.1462288,NA,NA,205.81171569824218,NA,20.496520807149704,351.65697910932624,643.63305234136806,13429.019300934538,NA,3.1165522010664666,271.49712343049333,439.5035825397497,1618.8506493960988,786.4085405811568,1298.1524391045873
SYR,Syrian Arab Republic,Middle East & North Africa,Low income,National,248.37075935185112,403.1584053687187,75.89032056800791,2.2622769257769932,147.2538395391913,1.5375982251203728,18131193.6607019,NA,NA,250.84957580566405,248.3845,9.280599078680627,173.92673090601212,347.7039867336155,7458.261195268969,259859.83294427762,1.0972144315514754,94.24713541143718,548.8989561890062,2399.3170606984695,1505.3458647434354,972.725487910168
TCD,Chad,Sub-Saharan Africa,Low income,National,166.6349963675332,191.6127007394059,28.015326436357675,2.6347084451379765,51.009257454855195,0.8469176839972571,15222085.5656838,NA,NA,510.7361314620971,849.3917,8.801380586741793,182.07002247613212,216.77052150393638,5123.800034716767,338356.24990727793,94.14062498151868,8171.323931482781,642.6750521491723,2174.6331186283137,1017.0121586295634,523.7396870224377
TGO,Togo,Sub-Saharan Africa,Low income,National,186.46774421173933,239.42327590137677,33.641898509632334,3.177556850385618,69.0535659316782,0.875004335426147,7516030.25407419,NA,NA,401.4525035858154,372.405,10.02664703506397,228.74203844537507,248.00178158902062,6333.948914636168,413040.4367286795,17.924047053347962,1558.3080333019623,611.9665860244152,2283.904563907914,1015.6636604625152,759.7208681943174
THA,Thailand,East Asia & Pacific,Upper middle income,National,274.42824624501145,602.7032136439287,86.0008467885659,6.3265992225804775,254.34648313616572,6.034715926709894,70626062.6159991,NA,NA,133.5172235021591,118.79690000000001,22.32810538225257,336.7761533448667,527.3257116472654,10590.623750496514,498005.44614267815,0.7174078036942012,62.3275137098942,314.54461418945885,1224.7268439144939,654.6489084544578,1651.113904424054
TJK,Tajikistan,Europe & Central Asia,Low income,National,119.91742044466548,462.36759708193415,49.2370220549335,2.178219264476815,123.96123365865402,0.9949261016460936,9243717.16391195,NA,NA,326.2552807617188,313.64,9.108996564830436,213.36585787853127,329.55639564736674,7766.057321879179,259757.56299057565,38.40191699982044,3343.9002243372256,346.57504047984264,1209.1599738508037,370.9332997969972,370.5400175345116
TKM,Turkmenistan,Europe & Central Asia,Upper middle income,National,144.59560531509754,585.9998272246202,79.74732527836208,1.9008430835730894,179.4557541574466,1.798439178034017,4976883.15103904,NA,NA,256.0506866455078,118.15199999999999,7.31673931468103,151.73437037452925,535.4054232247369,12958.90804538552,418629.8549701555,15.78763811981345,1372.1531006518865,302.51063193671314,1064.8807136799157,668.0730668361875,911.0329381660088
TLS,Timor-Leste,East Asia & Pacific,Lower middle income,National,254.63971992429043,402.1923560529225,40.75997638238843,3.075151125331434,134.8241018894036,2.392404225440469,1287486.37372353,NA,NA,306.37663513183594,353.436,23.92604822962787,423.651091040001,362.30437209126734,7673.014990120277,216114.49530590305,18.890380170567344,1643.339453346955,737.737616089413,2688.7741125836296,1800.8087210233027,1035.1020773491887
TON,Tonga,East Asia & Pacific,Upper middle income,National,296.20640277142314,1018.0860126900762,62.00202212815486,3.3500376874874047,175.8256795941213,4.2219153907017475,102838.04648111,NA,NA,245.69280932807925,73.878,28.69610881675628,473.40024751785614,559.6725281987805,11402.854702666831,338474.9316908768,3.890855645652892,337.9293009502789,1351.2679954731097,5890.3751342657915,1643.0876488016322,1709.6677058358516
TTO,Trinidad and Tobago,Latin America & Caribbean,High income,National,173.59225754923784,1285.3924805381016,121.88330313454557,2.37835001039419,162.08393349281428,2.9310877848586476,1391804.82775593,NA,NA,130.73035701942445,158.29379999999998,11.488783990675213,200.81672270689526,695.9120529618122,14047.976101958015,442072.8784834277,1.5629928198584977,136.30263345593897,812.7365760340391,3177.424585874848,1048.1883744807872,1270.1612717138873
TUN,Tunisia,Middle East & North Africa,Lower middle income,National,300.3537498810502,560.9187548260279,89.33741132290197,3.5633853520120895,222.8357855723219,4.116344691494509,11442183.2382617,NA,NA,241.42682765007024,124.26900000000003,15.962843521606876,235.91215831502052,502.8395810154251,8322.68964391982,326011.2146721823,0.6527966988619963,56.91822721174063,398.4479673448773,1479.1723512165363,523.7166775971311,1004.6412262968067
TUR,Turkey,Europe & Central Asia,Upper middle income,National,446.0798541394681,577.9618813476295,82.66284418358146,2.6093917056093363,209.391905269374,7.564866731064746,80456850.9025266,NA,NA,201.76571100616457,178.904,33.386790754718234,526.8633497990279,436.08714923967455,8067.218611331363,362530.69997395814,0.7976810636674212,69.29083399968438,396.23219186246916,1532.4717128461218,486.66720186994525,656.2532488869995
TWN,Taiwan,East Asia & Pacific,High income,National,954.982309479649,739.145834981025,85.37289586487586,1.9852144169923778,383.20764115096085,11.979888997117751,23583125.7150999,NA,NA,43.0960432,72.96000000000001,34.62974273239001,381.0586578542902,692.040412471528,11808.897393646928,438163.78312082984,0.2178785836103569,18.91513407767401,328.0542176513698,1301.7352801678842,275.893858541153,770.2057827037731
TZA,Tanzania,Sub-Saharan Africa,Low income,National,124.00884281035121,205.9920641384238,31.305760096936304,2.8445245015121166,53.83362197975468,0.6656405785946823,53973135.8346593,NA,NA,615.0363524436951,311.43000000000006,7.301974454487565,141.1035609496579,226.76476361804671,5074.580817024351,422508.83528576803,32.6419888170514,2835.9246019334155,1007.5377651511116,3879.605793592515,1175.0374259202115,604.199094525445
UGA,Uganda,Sub-Saharan Africa,Low income,National,105.9238205104937,185.59657486915808,22.15126472351498,2.6774653399497925,38.67843046912563,0.47299971464111024,39078381.5066312,NA,NA,257.9379266681671,459.57460000000015,7.0183911509054475,139.73186740493108,176.75055868023784,4236.841869580117,346350.0128852646,17.21869670778913,1496.9467412144934,944.1661362622975,3542.122411615524,1375.0822866315882,611.5546340102303
UKR,Ukraine,Europe & Central Asia,Lower middle income,National,375.67604343637447,656.2430762857565,198.7108385827187,5.583332678342401,597.8390162064949,11.969322942152099,44689083.8155065,NA,NA,81.9316692352295,49.82000000000001,23.260396256668827,405.30325154149625,1404.5963207251905,26298.604702537294,423077.56818162085,0.48889151281577226,42.53193881633714,201.3078985185733,766.1008459844606,188.73098304766415,911.598619210544
URY,Uruguay,Latin America & Caribbean,High income,National,309.1237740942717,703.8058771116063,64.34738796259084,2.440137698449021,259.50331081120316,9.7521863937704385,3421531.50545919,NA,NA,125.23051661999999,113.1003,52.06083541621595,740.382469649416,870.8779004079388,13408.919372877866,460382.56806899153,0.8089547271038497,70.4231282487523,298.64578522998715,1720.4312545355315,1006.4253169978804,1908.3790985357862
USA,United States,North America,High income,National,656.3809091743066,734.2479227745649,72.37656290380141,3.926860747467326,362.7969435057608,19.340114950710994,324839023.992132,NA,NA,112.82603040000002,95.58000000000001,52.083247675452014,778.7572491345842,797.2159368224214,13072.359233384772,444434.43317872455,0.19600447271293076,17.041358671872313,318.3405626545187,1527.7821241835172,366.911162751452,739.9438313969995
UZB,Uzbekistan,Europe & Central Asia,Lower middle income,National,128.55895726220695,573.2876812362509,70.69750049351457,2.304229979053277,170.13907828227656,1.627375485536169,32236895.1499448,NA,NA,229.88909912109375,110.50000000000003,7.929206603188683,167.13108512274746,520.7872161305949,11684.096401877336,435835.2872450344,18.39016751004447,1601.949375720297,358.6392159748609,1343.6780293834897,314.9621932500961,631.6799463869854
VCT,St. Vincent and the Grenadines,Latin America & Caribbean,Upper middle income,National,152.65768577496058,1068.8790027355924,90.42599076753035,2.8733350048340225,134.3920706357891,2.6365634876943536,114111.645773981,NA,NA,141.5508443956375,152.6718,12.83617178595274,218.91119299879205,741.4836905712626,14706.91234421448,474462.9844345913,2.206524910399627,192.49270240083496,859.7647927138232,3368.014424935517,2148.7563196280576,1768.7085891282452
VEN,"Venezuela, RB",Latin America & Caribbean,Upper middle income,National,249.56815134340877,512.1464633914509,67.80701422067315,1.475831667247623,78.35023245621565,3.4375575521405266,30831741.0257774,NA,NA,177.44547994995116,156.7952,16.02268029205544,250.73606058847298,404.5734439962829,8114.847406439709,405396.47976327006,2.67335651379738,232.99262459970848,579.8127078553215,2048.540723898593,1757.79401995783,1113.1164818524765
VIR,Virgin Islands (U.S.),Latin America & Caribbean,High income,National,226.50586244491066,1026.1828082456123,119.36529215784527,2.8514291096541653,170.4549489661194,8.592591371865915,104952.34914958,NA,NA,NA,NA,20.183612542338775,341.0863411036957,1078.1605168915858,20655.78061465132,397939.8526255339,0.548040600772663,47.76512795632294,746.6835950165448,2915.3755482692263,1412.1248185571758,1180.4787696883657
VNM,Vietnam,East Asia & Pacific,Lower middle income,National,278.8254894267692,566.8899856663812,57.64731744710059,5.495118160604693,215.35782749472696,8.007491131865585,96140732.1710466,NA,NA,110.8834472231865,86.5929,29.301813407852176,459.166246439494,498.69222049350475,10136.82423309758,541333.2962185679,2.519959359020441,219.5990596004146,389.1877918990751,1392.517199382408,363.2920002924477,599.5431124598697
VUT,Vanuatu,East Asia & Pacific,Lower middle income,National,331.0003575084838,739.7181909753364,47.53897226272098,2.969841684341558,168.25323809196155,2.9692062654018594,287567.717743327,NA,NA,299.45868886470794,300.15000000000003,28.572899138283553,637.7137641883213,556.2459953194744,14334.303409608687,386259.8521781453,13.95018917283831,1213.546508156658,1390.8175134535973,5438.148031441504,1107.0071755555637,1206.742490858234
WSM,Samoa,East Asia & Pacific,Upper middle income,National,316.9333976860377,767.4195990850997,54.372142943129916,3.1102694526121177,177.58380549196838,1.149870239787137,198918.382340926,NA,NA,246.32135830020903,251.8278,21.37629770786807,386.0702858024881,440.5444004297252,9175.061354545063,177379.31703283967,4.207593844126413,365.7410280779501,1280.7278786425406,4829.727504144993,1124.120945327003,1163.4421478621937
XKX,Kosovo,Europe & Central Asia,Upper middle income,National,347.96755969621813,454.4878037877602,142.73786412106608,1.412951550726153,346.8460975595286,7.8087756251452305,1831000,NA,NA,142.9446144104004,59.040000000000006,18.98976967291534,260.415262635636,727.5293852258712,11760.672314301586,423725.171601642,2.3825688557117024,207.60889655017945,170.4471500880523,605.6111781553017,158.76132812256486,329.4507157517469
YEM,"Yemen, Rep.",Middle East & North Africa,Low income,National,152.86469754296095,218.52161647560527,35.2347712880681,2.159906927958866,103.47655902061977,0.9292905399051591,30449159.2929288,NA,NA,322.88496093749995,993.2800000000001,9.154516269881006,189.03069954637854,261.8047896399561,6114.755682060692,213357.3281339507,12.363984494807152,1077.5981312008528,706.0604466791532,2517.397155566164,1010.8741953722215,717.7245318912688
ZAF,South Africa,Sub-Saharan Africa,Upper middle income,National,557.6786800489423,638.8003210545526,56.62054921822805,4.492461262290529,120.24582900658368,2.8661856842428857,54952859.6877336,NA,NA,259.96730073928836,315.7108,23.251464196067722,412.12828338011616,410.43747276341446,8691.194858612353,367882.98620414705,7.468699733833832,650.4018018939275,225.34280650792311,781.2455634854446,1556.859282413233,1504.9189117715732
ZMB,Zambia,Sub-Saharan Africa,Lower middle income,National,119.96868597376763,223.6004364021383,27.934736406081853,2.434273939017037,49.100190379120065,0.6084958216484861,17364087.958707,NA,NA,439.1327996749877,403.68899999999996,7.6793015192357394,156.23863941082496,210.03725047919966,5202.3642587085515,377868.30025918817,26.588475155444343,2311.8686291327185,718.1230264418986,2551.161915459374,1085.751733395612,589.1959326818469
ZWE,Zimbabwe,Sub-Saharan Africa,Lower middle income,National,377.18412429360257,412.55838634315177,38.18722573116857,3.196011833142095,57.101983917233696,1.1086442976121056,14713754.3424919,NA,NA,379.6986838684082,349.052,12.613471858476455,266.54728780212014,317.03324843019715,8011.944548263902,434390.8943922597,36.687401646797845,3198.2295164043067,403.6548338701659,1397.8617552647456,1408.4907507358985,729.3051623820058
